Workbook

Sheet SAQIB
A1: CURATECH PHARMA (PVT) LTD
A3: SUMMARY OF (MIO) TARGET JULY-2025
A5: MUHAMMAD SAQIB (MIO)
A6: SR.NO | B6: PRODUCT NAME | C6: PACK SIZE | D6: RATE | E6: MONTHLY PER HEAD TGT | F6: 1 TO 7 | J6: 8 TO 14 | O6: 15 T0 21 | S6: 22 TO 28 | W6: TOTAL
F7: TGT UNITS | H7: ACHI | I7: % | J7: TGT UNITS | L7: ACHI | N7: % | O7: TGT UNITS | Q7: ACHI | R7: % | S7: TGT UNITS | U7: ACHI | V7: % | W7: TGT UNITS | Y7: ACHI | AA7: %
A8: 1 | B8: Curaxone 250mg IM | C8: 1 Vial | D8: 70.79 | E8: 500 | F8: =W8/2 -> 646 | G8: =F8*D8 -> 45730.34 | J8: 646 | K8: =J8*D8 -> 45730.34 | L8: 0 | M8: =L8*D8 -> 0 | N8: =L8/J8 -> 0 | O8: =W8/2 -> 646 | P8: =O8*D8 -> 45730.34 | S8: 646 | T8: =S8*D8 -> 45730.34 | W8: 1292 | X8: =W8*D8 -> 91460.68 | Y8: 0 | Z8: =Y8*D8 -> 0 | AA8: =Y8/W8 -> 0
A9: 2 | B9: Curaxone 500mg IV | C9: 1 Vial | D9: 89.37 | E9: 500 | F9: =W9/2 -> 646 | G9: =F9*D9 -> 57733.02 | J9: 646 | K9: =J9*D9 -> 57733.02 | L9: 55 | M9: =L9*D9 -> 4915.35 | N9: =L9/J9 -> 0.085139319 | O9: =W9/2 -> 646 | P9: =O9*D9 -> 57733.02 | S9: 646 | T9: =S9*D9 -> 57733.02 | W9: 1292 | X9: =W9*D9 -> 115466.04 | Y9: 0 | Z9: =Y9*D9 -> 0 | AA9: =Y9/W9 -> 0
A10: 3 | B10: Curaxone IG IV | C10: 1 Vial | D10: 112.5 | E10: 800 | F10: =W10/2 -> 1033.5 | G10: =F10*D10 -> 116268.75 | J10: 1033.5 | K10: =J10*D10 -> 116268.75 | L10: 931 | M10: =L10*D10 -> 104737.5 | N10: =L10/J10 -> 0.90082245 | O10: =W10/2 -> 1033.5 | P10: =O10*D10 -> 116268.75 | S10: 1033.5 | T10: =S10*D10 -> 116268.75 | W10: 2067 | X10: =W10*D10 -> 232537.5 | Y10: 2000 | Z10: =Y10*D10 -> 225000 | AA10: =Y10/W10 -> 0.96758587
A11: 4 | B11: Mecoline 500mcg 20's | C11: 20's | D11: 55.23 | E11: 200 | F11: =W11/2 -> 258.5 | G11: =F11*D11 -> 14276.955 | J11: 258.5 | K11: =J11*D11 -> 14276.955 | L11: 0 | M11: =L11*D11 -> 0 | N11: =L11/J11 -> 0 | O11: =W11/2 -> 258.5 | P11: =O11*D11 -> 14276.955 | S11: 258.5 | T11: =S11*D11 -> 14276.955 | W11: 517 | X11: =W11*D11 -> 28553.91 | Y11: 20 | Z11: =Y11*D11 -> 1104.6 | AA11: =Y11/W11 -> 0.03868472
A12: 5 | B12: Mecoline 500mcg 100's | C12: 100's | D12: 192.63 | E12: 192 | F12: =W12/2 -> 248 | G12: =F12*D12 -> 47772.24 | J12: 248 | K12: =J12*D12 -> 47772.24 | L12: 2 | M12: =L12*D12 -> 385.26 | N12: =L12/J12 -> 0.0080645161 | O12: =W12/2 -> 248 | P12: =O12*D12 -> 47772.24 | S12: 248 | T12: =S12*D12 -> 47772.24 | W12: 496 | X12: =W12*D12 -> 95544.48 | Y12: 28 | Z12: =Y12*D12 -> 5393.64 | AA12: =Y12/W12 -> 0.056451613
A13: 6 | B13: SUDROPROXIM TAB | C13: 100's | D13: 195 | E13: 30 | F13: =W13/2 -> 39 | G13: =F13*D13 -> 7605 | J13: 39 | K13: =J13*D13 -> 7605 | L13: 0 | M13: =L13*D13 -> 0 | N13: =L13/J13 -> 0 | O13: =W13/2 -> 39 | P13: =O13*D13 -> 7605 | S13: 39 | T13: =S13*D13 -> 7605 | W13: 78 | X13: =W13*D13 -> 15210 | Y13: 0 | Z13: =Y13*D13 -> 0 | AA13: =Y13/W13 -> 0
A14: 7 | B14: SUDROPROXIM FORTE TAB | C14: 100's | D14: 648.52 | E14: 30 | F14: =W14/2 -> 39 | G14: =F14*D14 -> 25292.28 | J14: 39 | K14: =J14*D14 -> 25292.28 | L14: 0 | M14: =L14*D14 -> 0 | N14: =L14/J14 -> 0 | O14: =W14/2 -> 39 | P14: =O14*D14 -> 25292.28 | S14: 39 | T14: =S14*D14 -> 25292.28 | W14: 78 | X14: =W14*D14 -> 50584.56 | Y14: 4 | Z14: =Y14*D14 -> 2594.08 | AA14: =Y14/W14 -> 0.051282051
A15: 8 | B15: TECHFEN P Tab 50mg | C15: 20's | D15: 51 | E15: 300 | F15: =W15/2 -> 387.5 | G15: =F15*D15 -> 19762.5 | J15: 387.5 | K15: =J15*D15 -> 19762.5 | L15: 52 | M15: =L15*D15 -> 2652 | N15: =L15/J15 -> 0.13419355 | O15: =W15/2 -> 387.5 | P15: =O15*D15 -> 19762.5 | S15: 387.5 | T15: =S15*D15 -> 19762.5 | W15: 775 | X15: =W15*D15 -> 39525 | Y15: 148 | Z15: =Y15*D15 -> 7548 | AA15: =Y15/W15 -> 0.19096774
A16: 9 | B16: Zicure 250mg Cap 10's | C16: 10's | D16: 189.25 | E16: 560 | F16: =W16/2 -> 723.5 | G16: =F16*D16 -> 136922.38 | J16: 723.5 | K16: =J16*D16 -> 136922.38 | L16: 20 | M16: =L16*D16 -> 3785 | N16: =L16/J16 -> 0.0276434 | O16: =W16/2 -> 723.5 | P16: =O16*D16 -> 136922.38 | S16: 723.5 | T16: =S16*D16 -> 136922.38 | W16: 1447 | X16: =W16*D16 -> 273844.75 | Y16: 77 | Z16: =Y16*D16 -> 14572.25 | AA16: =Y16/W16 -> 0.053213545
A17: 10 | B17: Zicure 250mg Cap 6's | C17: 6's | D17: 128.86 | E17: 550 | F17: =W17/2 -> 710.5 | G17: =F17*D17 -> 91555.03 | J17: 710.5 | K17: =J17*D17 -> 91555.03 | L17: 3 | M17: =L17*D17 -> 386.58 | N17: =L17/J17 -> 0.0042223786 | O17: =W17/2 -> 710.5 | P17: =O17*D17 -> 91555.03 | S17: 710.5 | T17: =S17*D17 -> 91555.03 | W17: 1421 | X17: =W17*D17 -> 183110.06 | Y17: 0 | Z17: =Y17*D17 -> 0 | AA17: =Y17/W17 -> 0
A18: 11 | B18: Curatral 100mg Cap | C18: 4's | D18: 94.9 | E18: 650 | F18: =W18/2 -> 839.5 | G18: =F18*D18 -> 79668.55 | J18: 839.5 | K18: =J18*D18 -> 79668.55 | L18: 40 | M18: =L18*D18 -> 3796 | N18: =L18/J18 -> 0.047647409 | O18: =W18/2 -> 839.5 | P18: =O18*D18 -> 79668.55 | S18: 839.5 | T18: =S18*D18 -> 79668.55 | W18: 1679 | X18: =W18*D18 -> 159337.1 | Y18: 86 | Z18: =Y18*D18 -> 8161.4 | AA18: =Y18/W18 -> 0.051220965
A19: 12 | B19: TECHFEN SR Tab 100mg | C19: 30's | D19: 85.33 | E19: 550 | F19: =W19/2 -> 710.5 | G19: =F19*D19 -> 60626.965 | J19: 710.5 | K19: =J19*D19 -> 60626.965 | L19: 159 | M19: =L19*D19 -> 13567.47 | N19: =L19/J19 -> 0.22378607 | O19: =W19/2 -> 710.5 | P19: =O19*D19 -> 60626.965 | S19: 710.5 | T19: =S19*D19 -> 60626.965 | W19: 1421 | X19: =W19*D19 -> 121253.93 | Y19: 268 | Z19: =Y19*D19 -> 22868.44 | AA19: =Y19/W19 -> 0.18859958
... A22: 15 | B22: Pirotech 20mg Tab | C22: 20's | D22: 89.64 | E22: 300 | F22: =W22/2 -> 387.5 | G22: =F22*D22 -> 34735.5 | J22: 387.5 | K22: =J22*D22 -> 34735.5 | L22: 77 | M22: =L22*D22 -> 6902.28 | N22: =L22/J22 -> 0.19870968 | O22: =W22/2 -> 387.5 | P22: =O22*D22 -> 34735.5 | S22: 387.5 | T22: =S22*D22 -> 34735.5 | W22: 775 | X22: =W22*D22 -> 69471 | Y22: 47 | Z22: =Y22*D22 -> 4213.08 | AA22: =Y22/W22 -> 0.060645161
A23: Total Life Line Group Units | F23: =SUM(F8:F22) -> 7121.5 | G23: =F23*D23 -> 0 | J23: =SUM(J8:J22) -> 7121.5 | K23: =SUM(K8:K22) -> 773943.19 | L23: =SUM(L8:L22) -> 1339 | M23: =SUM(M8:M22) -> 141127.44 | N23: =L23/J23 -> 0.18802219 | O23: =SUM(O8:O22) -> 7121.5 | P23: =O23*D23 -> 0 | S23: =SUM(S8:S22) -> 7121.5 | T23: =SUM(T8:T22) -> 773943.19 | W23: =SUM(W8:W22) -> 14243 | X23: =W23*D23 -> 0 | Y23: 3659 | Z23: =Z22+Z21+Z20+Z19+Z18+Z17+Z16+Z15+Z14+Z13+Z12+Z11+Z10+Z9+Z8 -> 291455.49 | AA23: =Y23/W23 -> 0.25689813
A24: Total Life Line Group Value | E24: =SUM(E8:E23) -> 5512 | F24: =G24 -> 773943.19 | G24: =SUM(G8:G23) -> 773943.19 | J24: =K23 -> 773943.19 | L24: =M23 -> 141127.44 | N24: =L24/J24 -> 0.18234858 | O24: =P24 -> 773943.19 | P24: =SUM(P8:P23) -> 773943.19 | S24: =T23 -> 773943.19 | W24: =X24 -> 1547886.4 | X24: =SUM(X8:X23) -> 1547886.4 | Y24: =Z23 -> 291455.49 | AA24: =Y24/W24 -> 0.18829256
B27: Signature:

Sheet ZEESHAN
A1: CURATECH PHARMA (PVT) LTD
A3: SUMMARY OF (MIO) TARGET JULY-2025
A5: ZEESHAN (MIO)
A6: SR.NO | B6: PRODUCT NAME | C6: PACK SIZE | D6: RATE | E6: MONTHLY PER HEAD TGT | F6: 1 TO 7 | J6: 8 TO 14 | O6: 15 T0 21 | S6: 22 TO 28 | W6: TOTAL
F7: TGT UNITS | H7: ACHI | I7: % | J7: TGT UNITS | L7: ACHI | N7: % | O7: TGT UNITS | Q7: ACHI | R7: % | S7: TGT UNITS | U7: ACHI | V7: % | W7: TGT UNITS | Y7: ACHI | AA7: %
A8: 1 | B8: Curaxone 250mg IM | C8: 1 Vial | D8: 70.79 | E8: 500 | F8: =W8/2 -> 646 | G8: =F8*D8 -> 45730.34 | J8: 646 | K8: =J8*D8 -> 45730.34 | L8: 0 | M8: =L8*D8 -> 0 | N8: =L8/J8 -> 0 | O8: =W8/2 -> 646 | P8: =O8*D8 -> 45730.34 | S8: 646 | T8: =S8*D8 -> 45730.34 | W8: 1292 | X8: =W8*D8 -> 91460.68 | Y8: 10 | Z8: =Y8*D8 -> 707.9 | AA8: =Y8/W8 -> 0.0077399381
A9: 2 | B9: Curaxone 500mg IV | C9: 1 Vial | D9: 89.37 | E9: 500 | F9: =W9/2 -> 646 | G9: =F9*D9 -> 57733.02 | J9: 646 | K9: =J9*D9 -> 57733.02 | L9: 0 | M9: =L9*D9 -> 0 | N9: =L9/J9 -> 0 | O9: =W9/2 -> 646 | P9: =O9*D9 -> 57733.02 | S9: 646 | T9: =S9*D9 -> 57733.02 | W9: 1292 | X9: =W9*D9 -> 115466.04 | Y9: 32 | Z9: =Y9*D9 -> 2859.84 | AA9: =Y9/W9 -> 0.024767802
A10: 3 | B10: Curaxone IG IV | C10: 1 Vial | D10: 112.5 | E10: 800 | F10: =W10/2 -> 1033.5 | G10: =F10*D10 -> 116268.75 | J10: 1033.5 | K10: =J10*D10 -> 116268.75 | L10: 587 | M10: =L10*D10 -> 66037.5 | N10: =L10/J10 -> 0.56797291 | O10: =W10/2 -> 1033.5 | P10: =O10*D10 -> 116268.75 | S10: 1033.5 | T10: =S10*D10 -> 116268.75 | W10: 2067 | X10: =W10*D10 -> 232537.5 | Y10: 1953 | Z10: =Y10*D10 -> 219712.5 | AA10: =Y10/W10 -> 0.94484761
A11: 4 | B11: Mecoline 500mcg 20's | C11: 20's | D11: 55.23 | E11: 200 | F11: =W11/2 -> 258.5 | G11: =F11*D11 -> 14276.955 | J11: 258.5 | K11: =J11*D11 -> 14276.955 | L11: 0 | M11: =L11*D11 -> 0 | N11: =L11/J11 -> 0 | O11: =W11/2 -> 258.5 | P11: =O11*D11 -> 14276.955 | S11: 258.5 | T11: =S11*D11 -> 14276.955 | W11: 517 | X11: =W11*D11 -> 28553.91 | Y11: 0 | Z11: =Y11*D11 -> 0 | AA11: =Y11/W11 -> 0
A12: 5 | B12: Mecoline 500mcg 100's | C12: 100's | D12: 192.63 | E12: 192 | F12: =W12/2 -> 248 | G12: =F12*D12 -> 47772.24 | J12: 248 | K12: =J12*D12 -> 47772.24 | L12: 4 | M12: =L12*D12 -> 770.52 | N12: =L12/J12 -> 0.016129032 | O12: =W12/2 -> 248 | P12: =O12*D12 -> 47772.24 | S12: 248 | T12: =S12*D12 -> 47772.24 | W12: 496 | X12: =W12*D12 -> 95544.48 | Y12: 4 | Z12: =Y12*D12 -> 770.52 | AA12: =Y12/W12 -> 0.0080645161
A13: 6 | B13: SUDROPROXIM TAB | C13: 100's | D13: 195 | E13: 30 | F13: =W13/2 -> 39 | G13: =F13*D13 -> 7605 | J13: 39 | K13: =J13*D13 -> 7605 | L13: 0 | M13: =L13*D13 -> 0 | N13: =L13/J13 -> 0 | O13: =W13/2 -> 39 | P13: =O13*D13 -> 7605 | S13: 39 | T13: =S13*D13 -> 7605 | W13: 78 | X13: =W13*D13 -> 15210 | Y13: 0 | Z13: =Y13*D13 -> 0 | AA13: =Y13/W13 -> 0
A14: 7 | B14: SUDROPROXIM FORTE TAB | C14: 100's | D14: 648.52 | E14: 30 | F14: =W14/2 -> 39 | G14: =F14*D14 -> 25292.28 | J14: 39 | K14: =J14*D14 -> 25292.28 | L14: 2 | M14: =L14*D14 -> 1297.04 | N14: =L14/J14 -> 0.051282051 | O14: =W14/2 -> 39 | P14: =O14*D14 -> 25292.28 | S14: 39 | T14: =S14*D14 -> 25292.28 | W14: 78 | X14: =W14*D14 -> 50584.56 | Y14: 0 | Z14: =Y14*D14 -> 0 | AA14: =Y14/W14 -> 0
A15: 8 | B15: TECHFEN P Tab 50mg | C15: 20's | D15: 51 | E15: 300 | F15: =W15/2 -> 387.5 | G15: =F15*D15 -> 19762.5 | J15: 387.5 | K15: =J15*D15 -> 19762.5 | L15: 107 | M15: =L15*D15 -> 5457 | N15: =L15/J15 -> 0.27612903 | O15: =W15/2 -> 387.5 | P15: =O15*D15 -> 19762.5 | S15: 387.5 | T15: =S15*D15 -> 19762.5 | W15: 775 | X15: =W15*D15 -> 39525 | Y15: 39 | Z15: =Y15*D15 -> 1989 | AA15: =Y15/W15 -> 0.050322581
A16: 9 | B16: Zicure 250mg Cap 10's | C16: 10's | D16: 189.25 | E16: 560 | F16: =W16/2 -> 723.5 | G16: =F16*D16 -> 136922.38 | J16: 723.5 | K16: =J16*D16 -> 136922.38 | L16: 70 | M16: =L16*D16 -> 13247.5 | N16: =L16/J16 -> 0.0967519 | O16: =W16/2 -> 723.5 | P16: =O16*D16 -> 136922.38 | S16: 723.5 | T16: =S16*D16 -> 136922.38 | W16: 1447 | X16: =W16*D16 -> 273844.75 | Y16: 57 | Z16: =Y16*D16 -> 10787.25 | AA16: =Y16/W16 -> 0.039391845
A17: 10 | B17: Zicure 250mg Cap 6's | C17: 6's | D17: 128.86 | E17: 550 | F17: =W17/2 -> 710.5 | G17: =F17*D17 -> 91555.03 | J17: 710.5 | K17: =J17*D17 -> 91555.03 | L17: 0 | M17: =L17*D17 -> 0 | N17: =L17/J17 -> 0 | O17: =W17/2 -> 710.5 | P17: =O17*D17 -> 91555.03 | S17: 710.5 | T17: =S17*D17 -> 91555.03 | W17: 1421 | X17: =W17*D17 -> 183110.06 | Y17: 0 | Z17: =Y17*D17 -> 0 | AA17: =Y17/W17 -> 0
A18: 11 | B18: Curatral 100mg Cap | C18: 4's | D18: 94.9 | E18: 650 | F18: =W18/2 -> 839.5 | G18: =F18*D18 -> 79668.55 | J18: 839.5 | K18: =J18*D18 -> 79668.55 | L18: 62 | M18: =L18*D18 -> 5883.8 | N18: =L18/J18 -> 0.073853484 | O18: =W18/2 -> 839.5 | P18: =O18*D18 -> 79668.55 | S18: 839.5 | T18: =S18*D18 -> 79668.55 | W18: 1679 | X18: =W18*D18 -> 159337.1 | Y18: 23 | Z18: =Y18*D18 -> 2182.7 | AA18: =Y18/W18 -> 0.01369863
A19: 12 | B19: TECHFEN SR Tab 100mg | C19: 30's | D19: 85.33 | E19: 550 | F19: =W19/2 -> 710.5 | G19: =F19*D19 -> 60626.965 | J19: 710.5 | K19: =J19*D19 -> 60626.965 | L19: 153 | M19: =L19*D19 -> 13055.49 | N19: =L19/J19 -> 0.21534131 | O19: =W19/2 -> 710.5 | P19: =O19*D19 -> 60626.965 | S19: 710.5 | T19: =S19*D19 -> 60626.965 | W19: 1421 | X19: =W19*D19 -> 121253.93 | Y19: 151 | Z19: =Y19*D19 -> 12884.83 | AA19: =Y19/W19 -> 0.10626319
... A22: 15 | B22: Pirotech 20mg Tab | C22: 20's | D22: 89.64 | E22: 300 | F22: =W22/2 -> 387.5 | G22: =F22*D22 -> 34735.5 | J22: 387.5 | K22: =J22*D22 -> 34735.5 | L22: 7 | M22: =L22*D22 -> 627.48 | N22: =L22/J22 -> 0.018064516 | O22: =W22/2 -> 387.5 | P22: =O22*D22 -> 34735.5 | S22: 387.5 | T22: =S22*D22 -> 34735.5 | W22: 775 | X22: =W22*D22 -> 69471 | Y22: 7 | Z22: =Y22*D22 -> 627.48 | AA22: =Y22/W22 -> 0.0090322581
A23: Total Life Line Group Units | F23: =SUM(F8:F22) -> 7121.5 | G23: =F23*D23 -> 0 | J23: =SUM(J8:J22) -> 7121.5 | K23: =SUM(K8:K22) -> 773943.19 | L23: =SUM(L8:L22) -> 992 | M23: =SUM(M8:M22) -> 106376.33 | N23: =L23/J23 -> 0.1392965 | O23: =SUM(O8:O22) -> 7121.5 | P23: =O23*D23 -> 0 | S23: =SUM(S8:S22) -> 7121.5 | T23: =SUM(T8:T22) -> 773943.19 | W23: =SUM(W8:W22) -> 14243 | X23: =W23*D23 -> 0 | Y23: =SUM(Y8:Y22) -> 2276 | Z23: =Z22+Z21+Z20+Z19+Z18+Z17+Z16+Z15+Z14+Z13+Z12+Z11+Z10+Z9+Z8 -> 252522.02 | AA23: =Y23/W23 -> 0.1597978
A24: Total Life Line Group Value | E24: =SUM(E8:E23) -> 5512 | F24: =G24 -> 773943.19 | G24: =SUM(G8:G23) -> 773943.19 | J24: =K23 -> 773943.19 | L24: =M23 -> 106376.33 | N24: =L24/J24 -> 0.13744721 | O24: =P24 -> 773943.19 | P24: =SUM(P8:P23) -> 773943.19 | S24: =T23 -> 773943.19 | W24: =X24 -> 1547886.4 | X24: =SUM(X8:X23) -> 1547886.4 | Y24: =Z23 -> 252522.02 | AA24: =Y24/W24 -> 0.16313989

Sheet HAMID
A1: CURATECH PHARMA (PVT) LTD
A3: SUMMARY OF (A.ASM) TARGET JULY-2025
A5: HAMID MUKHTAR (A.ASM)
A6: SR.NO | B6: PRODUCT NAME | C6: PACK SIZE | D6: RATE | E6: MONTHLY PER HEAD TGT | F6: 1 TO 7 | J6: 8 TO 14 | O6: 15 T0 21 | S6: 22 TO 28 | W6: TOTAL
F7: TGT UNITS | H7: ACHI | I7: % | J7: TGT UNITS | L7: ACHI | N7: % | O7: TGT UNITS | Q7: ACHI | R7: % | S7: TGT UNITS | U7: ACHI | V7: % | W7: TGT UNITS | Y7: ACHI | Z7: %
A8: 1 | B8: Curaxone 250mg IM | C8: 1 Vial | D8: 70.79 | E8: 500 | F8: =W8/26*7 -> 695.69231 | G8: =F8*D8 -> 49248.058 | J8: 695.69231 | K8: =J8*D8 -> 49248.058 | L8: 0 | M8: =L8*D8 -> 0 | N8: =L8/J8 -> 0 | O8: 695.69231 | P8: =O8*D8 -> 49248.058 | S8: 695.69231 | T8: =S8*D8 -> 49248.058 | W8: =ZEESHAN!W8+SAQIB!W8 -> 2584 | X8: =W8*D8 -> 182921.36 | Y8: =ZEESHAN!Y8+SAQIB!Y8 -> 10 | Z8: =Y8/W8 -> 0.003869969
A9: 2 | B9: Curaxone 500mg IV | C9: 1 Vial | D9: 89.37 | E9: 500 | F9: =W9/26*7 -> 695.69231 | G9: =F9*D9 -> 62174.022 | J9: 695.69231 | K9: =J9*D9 -> 62174.022 | L9: 55 | M9: =L9*D9 -> 4915.35 | N9: =L9/J9 -> 0.079057939 | O9: 695.69231 | P9: =O9*D9 -> 62174.022 | S9: 695.69231 | T9: =S9*D9 -> 62174.022 | W9: =ZEESHAN!W9+SAQIB!W9 -> 2584 | X9: =W9*D9 -> 230932.08 | Y9: =ZEESHAN!Y9+SAQIB!Y9 -> 32 | Z9: =Y9/W9 -> 0.012383901
A10: 3 | B10: Curaxone IG IV | C10: 1 Vial | D10: 112.5 | E10: 800 | F10: =W10/26*7 -> 1113 | G10: =F10*D10 -> 125212.5 | J10: 1113 | K10: =J10*D10 -> 125212.5 | L10: 1518 | M10: =L10*D10 -> 170775 | N10: =L10/J10 -> 1.3638814 | O10: 1113 | P10: =O10*D10 -> 125212.5 | S10: 1113 | T10: =S10*D10 -> 125212.5 | W10: =ZEESHAN!W10+SAQIB!W10 -> 4134 | X10: =W10*D10 -> 465075 | Y10: =ZEESHAN!Y10+SAQIB!Y10 -> 3953 | Z10: =Y10/W10 -> 0.95621674
A11: 4 | B11: Mecoline 500mcg 20's | C11: 20's | D11: 55.23 | E11: 200 | F11: =W11/26*7 -> 278.38462 | G11: =F11*D11 -> 15375.182 | J11: 278.38462 | K11: =J11*D11 -> 15375.182 | L11: 0 | M11: =L11*D11 -> 0 | N11: =L11/J11 -> 0 | O11: 278.38462 | P11: =O11*D11 -> 15375.182 | S11: 278.38462 | T11: =S11*D11 -> 15375.182 | W11: =ZEESHAN!W11+SAQIB!W11 -> 1034 | X11: =W11*D11 -> 57107.82 | Y11: =ZEESHAN!Y11+SAQIB!Y11 -> 20 | Z11: =Y11/W11 -> 0.01934236
A12: 5 | B12: Mecoline 500mcg 100's | C12: 100's | D12: 192.63 | E12: 192 | F12: =W12/26*7 -> 267.07692 | G12: =F12*D12 -> 51447.028 | J12: 267.07692 | K12: =J12*D12 -> 51447.028 | L12: 6 | M12: =L12*D12 -> 1155.78 | N12: =L12/J12 -> 0.022465438 | O12: 267.07692 | P12: =O12*D12 -> 51447.028 | S12: 267.07692 | T12: =S12*D12 -> 51447.028 | W12: =ZEESHAN!W12+SAQIB!W12 -> 992 | X12: =W12*D12 -> 191088.96 | Y12: =ZEESHAN!Y12+SAQIB!Y12 -> 32 | Z12: =Y12/W12 -> 0.032258065
A13: 6 | B13: SUDROPROXIM TAB | C13: 100's | D13: 195 | E13: 30 | F13: =W13/26*7 -> 42 | G13: =F13*D13 -> 8190 | J13: 42 | K13: =J13*D13 -> 8190 | L13: 0 | M13: =L13*D13 -> 0 | N13: =L13/J13 -> 0 | O13: 42 | P13: =O13*D13 -> 8190 | S13: 42 | T13: =S13*D13 -> 8190 | W13: =ZEESHAN!W13+SAQIB!W13 -> 156 | X13: =W13*D13 -> 30420 | Y13: =ZEESHAN!Y13+SAQIB!Y13 -> 0 | Z13: =Y13/W13 -> 0
A14: 7 | B14: SUDROPROXIM FORTE TAB | C14: 100's | D14: 648.52 | E14: 30 | F14: =W14/26*7 -> 42 | G14: =F14*D14 -> 27237.84 | J14: 42 | K14: =J14*D14 -> 27237.84 | L14: 2 | M14: =L14*D14 -> 1297.04 | N14: =L14/J14 -> 0.047619048 | O14: 42 | P14: =O14*D14 -> 27237.84 | S14: 42 | T14: =S14*D14 -> 27237.84 | W14: =ZEESHAN!W14+SAQIB!W14 -> 156 | X14: =W14*D14 -> 101169.12 | Y14: =ZEESHAN!Y14+SAQIB!Y14 -> 4 | Z14: =Y14/W14 -> 0.025641026
A15: 8 | B15: TECHFEN P Tab 50mg | C15: 20's | D15: 51 | E15: 300 | F15: =W15/26*7 -> 417.30769 | G15: =F15*D15 -> 21282.692 | J15: 417.30769 | K15: =J15*D15 -> 21282.692 | L15: 159 | M15: =L15*D15 -> 8109 | N15: =L15/J15 -> 0.38101382 | O15: 417.30769 | P15: =O15*D15 -> 21282.692 | S15: 417.30769 | T15: =S15*D15 -> 21282.692 | W15: =ZEESHAN!W15+SAQIB!W15 -> 1550 | X15: =W15*D15 -> 79050 | Y15: =ZEESHAN!Y15+SAQIB!Y15 -> 187 | Z15: =Y15/W15 -> 0.12064516
A16: 9 | B16: Zicure 250mg Cap 10's | C16: 10's | D16: 189.25 | E16: 560 | F16: =W16/26*7 -> 779.15385 | G16: =F16*D16 -> 147454.87 | J16: 779.15385 | K16: =J16*D16 -> 147454.87 | L16: 90 | M16: =L16*D16 -> 17032.5 | N16: =L16/J16 -> 0.11550992 | O16: 779.15385 | P16: =O16*D16 -> 147454.87 | S16: 779.15385 | T16: =S16*D16 -> 147454.87 | W16: =ZEESHAN!W16+SAQIB!W16 -> 2894 | X16: =W16*D16 -> 547689.5 | Y16: =ZEESHAN!Y16+SAQIB!Y16 -> 134 | Z16: =Y16/W16 -> 0.046302695
A17: 10 | B17: Zicure 250mg Cap 6's | C17: 6's | D17: 128.86 | E17: 550 | F17: =W17/26*7 -> 765.15385 | G17: =F17*D17 -> 98597.725 | J17: 765.15385 | K17: =J17*D17 -> 98597.725 | L17: 3 | M17: =L17*D17 -> 386.58 | N17: =L17/J17 -> 0.0039207801 | O17: 765.15385 | P17: =O17*D17 -> 98597.725 | S17: 765.15385 | T17: =S17*D17 -> 98597.725 | W17: =ZEESHAN!W17+SAQIB!W17 -> 2842 | X17: =W17*D17 -> 366220.12 | Y17: =ZEESHAN!Y17+SAQIB!Y17 -> 0 | Z17: =Y17/W17 -> 0
A18: 11 | B18: Curatral 100mg Cap | C18: 4's | D18: 94.9 | E18: 650 | F18: =W18/26*7 -> 904.07692 | G18: =F18*D18 -> 85796.9 | J18: 904.07692 | K18: =J18*D18 -> 85796.9 | L18: 102 | M18: =L18*D18 -> 9679.8 | N18: =L18/J18 -> 0.11282226 | O18: 904.07692 | P18: =O18*D18 -> 85796.9 | S18: 904.07692 | T18: =S18*D18 -> 85796.9 | W18: =ZEESHAN!W18+SAQIB!W18 -> 3358 | X18: =W18*D18 -> 318674.2 | Y18: =ZEESHAN!Y18+SAQIB!Y18 -> 109 | Z18: =Y18/W18 -> 0.032459797
A19: 12 | B19: TECHFEN SR Tab 100mg | C19: 30's | D19: 85.33 | E19: 550 | F19: =W19/26*7 -> 765.15385 | G19: =F19*D19 -> 65290.578 | J19: 765.15385 | K19: =J19*D19 -> 65290.578 | L19: 312 | M19: =L19*D19 -> 26622.96 | N19: =L19/J19 -> 0.40776113 | O19: 765.15385 | P19: =O19*D19 -> 65290.578 | S19: 765.15385 | T19: =S19*D19 -> 65290.578 | W19: =ZEESHAN!W19+SAQIB!W19 -> 2842 | X19: =W19*D19 -> 242507.86 | Y19: =ZEESHAN!Y19+SAQIB!Y19 -> 419 | Z19: =Y19/W19 -> 0.14743139
... A22: 15 | B22: Pirotech 20mg Tab | C22: 20's | D22: 89.64 | E22: 300 | F22: =W22/26*7 -> 417.30769 | G22: =F22*D22 -> 37407.462 | J22: 417.30769 | K22: =J22*D22 -> 37407.462 | L22: 84 | M22: =L22*D22 -> 7529.76 | N22: =L22/J22 -> 0.20129032 | O22: 417.30769 | P22: =O22*D22 -> 37407.462 | S22: 417.30769 | T22: =S22*D22 -> 37407.462 | W22: =ZEESHAN!W22+SAQIB!W22 -> 1550 | X22: =W22*D22 -> 138942 | Y22: =ZEESHAN!Y22+SAQIB!Y22 -> 54 | Z22: =Y22/W22 -> 0.03483871
A23: Total Life Line Group Units | F23: =SUM(F8:F22) -> 7669.3077 | G23: =F23*D23 -> 0 | J23: =SUM(J8:J22) -> 7669.3077 | K23: =SUM(K8:K22) -> 833477.28 | L23: =SUM(L8:L22) -> 2331 | M23: =SUM(M8:M22) -> 247503.77 | N23: =L23/J23 -> 0.30393878 | O23: =SUM(O8:O22) -> 7669.3077 | P23: =O23*D23 -> 0 | S23: =SUM(S8:S22) -> 7669.3077 | T23: =SUM(T8:T22) -> 833477.28 | W23: =SUM(W8:W22) -> 28486 | X23: =W23*D23 -> 0 | Y23: =ZEESHAN!Y23+SAQIB!Y23 -> 5935 | Z23: =Y23/W23 -> 0.20834796
A24: Total Life Line Group Value | E24: =SUM(E8:E23) -> 5512 | F24: =G24 -> 833477.28 | G24: =SUM(G8:G23) -> 833477.28 | J24: =K23 -> 833477.28 | L24: =M23 -> 247503.77 | N24: =L24/J24 -> 0.29695323 | O24: =P24 -> 833477.28 | P24: =SUM(P8:P23) -> 833477.28 | S24: =T23 -> 833477.28 | W24: =X24 -> 3095772.8 | X24: =SUM(X8:X23) -> 3095772.8 | Y24: =ZEESHAN!Y24+SAQIB!Y24 -> 543977.51 | Z24: =Y24/W24 -> 0.17571623

Sheet vacant
A1: CURATECH PHARMA (PVT) LTD
A3: SUMMARY OF (MIO) TARGET JULY-2025
A5: EHTISHAM RAFIQ (AASM)
A6: SR.NO | B6: PRODUCT NAME | C6: PACK SIZE | D6: RATE | E6: MONTHLY PER HEAD TGT | F6: 1 TO 7 | J6: 8 TO 14 | O6: 15 T0 21 | S6: 22 TO 28 | W6: TOTAL
F7: TGT UNITS | H7: ACHI | I7: % | J7: TGT UNITS | L7: ACHI | M7: % | O7: TGT UNITS | Q7: ACHI | R7: % | S7: TGT UNITS | U7: ACHI | V7: % | W7: TGT UNITS | Y7: ACHI | AA7: %
A8: 1 | B8: Curaxone 250mg IM | C8: 1 Vial | D8: 70.79 | E8: 500 | F8: =W8/2 -> 646 | G8: =F8*D8 -> 45730.34 | J8: 646 | K8: =J8*D8 -> 45730.34 | L8: 5 | M8: =L8/J8 -> 0.0077399381 | N8: =L8*D8 -> 353.95 | O8: =W8/2 -> 646 | P8: =O8*D8 -> 45730.34 | S8: 646 | T8: =S8*D8 -> 45730.34 | W8: 1292 | X8: =W8*D8 -> 91460.68 | Y8: 15 | Z8: =Y8*D8 -> 1061.85 | AA8: =Y8/W8 -> 0.011609907
A9: 2 | B9: Curaxone 500mg IV | C9: 1 Vial | D9: 89.37 | E9: 500 | F9: =W9/2 -> 646 | G9: =F9*D9 -> 57733.02 | J9: 646 | K9: =J9*D9 -> 57733.02 | L9: 10 | M9: =L9/J9 -> 0.015479876 | N9: =L9*D9 -> 893.7 | O9: =W9/2 -> 646 | P9: =O9*D9 -> 57733.02 | S9: 646 | T9: =S9*D9 -> 57733.02 | W9: 1292 | X9: =W9*D9 -> 115466.04 | Y9: 15 | Z9: =Y9*D9 -> 1340.55 | AA9: =Y9/W9 -> 0.011609907
A10: 3 | B10: Curaxone IG IV | C10: 1 Vial | D10: 112.5 | E10: 800 | F10: =W10/2 -> 1033.5 | G10: =F10*D10 -> 116268.75 | J10: 1033.5 | K10: =J10*D10 -> 116268.75 | L10: 2151 | M10: =L10/J10 -> 2.0812772 | N10: =L10*D10 -> 241987.5 | O10: =W10/2 -> 1033.5 | P10: =O10*D10 -> 116268.75 | S10: 1033.5 | T10: =S10*D10 -> 116268.75 | W10: 2067 | X10: =W10*D10 -> 232537.5 | Y10: 3247 | Z10: =Y10*D10 -> 365287.5 | AA10: =Y10/W10 -> 1.5708757
A11: 4 | B11: Mecoline 500mcg 20's | C11: 20's | D11: 55.23 | E11: 200 | F11: =W11/2 -> 258.5 | G11: =F11*D11 -> 14276.955 | J11: 258.5 | K11: =J11*D11 -> 14276.955 | L11: 0 | M11: =L11/J11 -> 0 | N11: =L11*D11 -> 0 | O11: =W11/2 -> 258.5 | P11: =O11*D11 -> 14276.955 | S11: 258.5 | T11: =S11*D11 -> 14276.955 | W11: 517 | X11: =W11*D11 -> 28553.91 | Y11: 0 | Z11: =Y11*D11 -> 0 | AA11: =Y11/W11 -> 0
A12: 5 | B12: Mecoline 500mcg 100's | C12: 100's | D12: 192.63 | E12: 192 | F12: =W12/2 -> 248 | G12: =F12*D12 -> 47772.24 | J12: 248 | K12: =J12*D12 -> 47772.24 | L12: 10 | M12: =L12/J12 -> 0.040322581 | N12: =L12*D12 -> 1926.3 | O12: =W12/2 -> 248 | P12: =O12*D12 -> 47772.24 | S12: 248 | T12: =S12*D12 -> 47772.24 | W12: 496 | X12: =W12*D12 -> 95544.48 | Y12: 1 | Z12: =Y12*D12 -> 192.63 | AA12: =Y12/W12 -> 0.002016129
A13: 6 | B13: SUDROPROXIM TAB | C13: 100's | D13: 195 | E13: 30 | F13: =W13/2 -> 39 | G13: =F13*D13 -> 7605 | J13: 39 | K13: =J13*D13 -> 7605 | L13: 0 | M13: =L13/J13 -> 0 | N13: =L13*D13 -> 0 | O13: =W13/2 -> 39 | P13: =O13*D13 -> 7605 | S13: 39 | T13: =S13*D13 -> 7605 | W13: 78 | X13: =W13*D13 -> 15210 | Y13: 0 | Z13: =Y13*D13 -> 0 | AA13: =Y13/W13 -> 0
A14: 7 | B14: SUDROPROXIM FORTE TAB | C14: 100's | D14: 648.52 | E14: 30 | F14: =W14/2 -> 39 | G14: =F14*D14 -> 25292.28 | J14: 39 | K14: =J14*D14 -> 25292.28 | L14: 0 | M14: =L14/J14 -> 0 | N14: =L14*D14 -> 0 | O14: =W14/2 -> 39 | P14: =O14*D14 -> 25292.28 | S14: 39 | T14: =S14*D14 -> 25292.28 | W14: 78 | X14: =W14*D14 -> 50584.56 | Y14: 1 | Z14: =Y14*D14 -> 648.52 | AA14: =Y14/W14 -> 0.012820513
A15: 8 | B15: TECHFEN P Tab 50mg | C15: 20's | D15: 51 | E15: 300 | F15: =W15/2 -> 387.5 | G15: =F15*D15 -> 19762.5 | J15: 387.5 | K15: =J15*D15 -> 19762.5 | L15: 104 | M15: =L15/J15 -> 0.2683871 | N15: =L15*D15 -> 5304 | O15: =W15/2 -> 387.5 | P15: =O15*D15 -> 19762.5 | S15: 387.5 | T15: =S15*D15 -> 19762.5 | W15: 775 | X15: =W15*D15 -> 39525 | Y15: 130 | Z15: =Y15*D15 -> 6630 | AA15: =Y15/W15 -> 0.16774194
A16: 9 | B16: Zicure 250mg Cap 10's | C16: 10's | D16: 189.25 | E16: 560 | F16: =W16/2 -> 723.5 | G16: =F16*D16 -> 136922.38 | J16: 723.5 | K16: =J16*D16 -> 136922.38 | L16: 60 | M16: =L16/J16 -> 0.0829302 | N16: =L16*D16 -> 11355 | O16: =W16/2 -> 723.5 | P16: =O16*D16 -> 136922.38 | S16: 723.5 | T16: =S16*D16 -> 136922.38 | W16: 1447 | X16: =W16*D16 -> 273844.75 | Y16: 112 | Z16: =Y16*D16 -> 21196 | AA16: =Y16/W16 -> 0.07740152
A17: 10 | B17: Zicure 250mg Cap 6's | C17: 6's | D17: 128.86 | E17: 550 | F17: =W17/2 -> 710.5 | G17: =F17*D17 -> 91555.03 | J17: 710.5 | K17: =J17*D17 -> 91555.03 | L17: 0 | M17: =L17/J17 -> 0 | N17: =L17*D17 -> 0 | O17: =W17/2 -> 710.5 | P17: =O17*D17 -> 91555.03 | S17: 710.5 | T17: =S17*D17 -> 91555.03 | W17: 1421 | X17: =W17*D17 -> 183110.06 | Y17: 0 | Z17: =Y17*D17 -> 0 | AA17: =Y17/W17 -> 0
A18: 11 | B18: Curatral 100mg Cap | C18: 4's | D18: 94.9 | E18: 650 | F18: =W18/2 -> 839.5 | G18: =F18*D18 -> 79668.55 | J18: 839.5 | K18: =J18*D18 -> 79668.55 | L18: 40 | M18: =L18/J18 -> 0.047647409 | N18: =L18*D18 -> 3796 | O18: =W18/2 -> 839.5 | P18: =O18*D18 -> 79668.55 | S18: 839.5 | T18: =S18*D18 -> 79668.55 | W18: 1679 | X18: =W18*D18 -> 159337.1 | Y18: 84 | Z18: =Y18*D18 -> 7971.6 | AA18: =Y18/W18 -> 0.05002978
A19: 12 | B19: TECHFEN SR Tab 100mg | C19: 30's | D19: 85.33 | E19: 550 | F19: =W19/2 -> 710.5 | G19: =F19*D19 -> 60626.965 | J19: 710.5 | K19: =J19*D19 -> 60626.965 | L19: 45 | M19: =L19/J19 -> 0.063335679 | N19: =L19*D19 -> 3839.85 | O19: =W19/2 -> 710.5 | P19: =O19*D19 -> 60626.965 | S19: 710.5 | T19: =S19*D19 -> 60626.965 | W19: 1421 | X19: =W19*D19 -> 121253.93 | Y19: 100 | Z19: =Y19*D19 -> 8533 | AA19: =Y19/W19 -> 0.070372977
... A22: 15 | B22: Pirotech 20mg Tab | C22: 20's | D22: 89.64 | E22: 300 | F22: =W22/2 -> 387.5 | G22: =F22*D22 -> 34735.5 | J22: 387.5 | K22: =J22*D22 -> 34735.5 | L22: 37 | M22: =L22/J22 -> 0.095483871 | N22: =L22*D22 -> 3316.68 | O22: =W22/2 -> 387.5 | P22: =O22*D22 -> 34735.5 | S22: 387.5 | T22: =S22*D22 -> 34735.5 | W22: 775 | X22: =W22*D22 -> 69471 | Y22: 85 | Z22: =Y22*D22 -> 7619.4 | AA22: =Y22/W22 -> 0.10967742
A23: Total Life Line Group Units | F23: =SUM(F8:F22) -> 7121.5 | G23: =F23*D23 -> 0 | J23: =SUM(J8:J22) -> 7121.5 | K23: =SUM(K8:K22) -> 773943.19 | L23: =SUM(L8:L22) -> 2462 | M23: =L23/J23 -> 0.34571368 | N23: =SUM(N8:N22) -> 272772.98 | O23: =SUM(O8:O22) -> 7121.5 | P23: =O23*D23 -> 0 | S23: =SUM(S8:S22) -> 7121.5 | T23: =SUM(T8:T22) -> 773943.19 | W23: =SUM(W8:W22) -> 14243 | X23: =W23*D23 -> 0 | Y23: =Y22+Y21+Y20+Y19+Y18+Y17+Y16+Y15+Y14+Y13+Y12+Y11+Y10+Y9+Y8 -> 3790 | Z23: =Z22+Z21+Z20+Z19+Z18+Z17+Z16+Z15+Z14+Z13+Z12+Z11+Z10+Z9+Z8 -> 420481.05 | AA23: =Y23/W23 -> 0.26609563
A24: Total Life Line Group Value | E24: =SUM(E8:E23) -> 5512 | F24: =G24 -> 773943.19 | G24: =SUM(G8:G23) -> 773943.19 | J24: =K23 -> 773943.19 | L24: =N23 -> 272772.98 | M24: =L24/J24 -> 0.35244574 | O24: =P24 -> 773943.19 | P24: =SUM(P8:P23) -> 773943.19 | S24: =T23 -> 773943.19 | W24: =X24 -> 1547886.4 | X24: =SUM(X8:X23) -> 1547886.4 | Y24: =Z23 -> 420481.05 | AA24: =Y24/W24 -> 0.27164852

Sheet SHAHEER
A1: CURATECH PHARMA (PVT) LTD
A3: SUMMARY OF (A.ASMs) TARGET JULY-2025
A5: SHAHEER GHOUS (MIO)
A6: SR.NO | B6: PRODUCT NAME | C6: PACK SIZE | D6: RATE | E6: MONTHLY PER HEAD TGT | F6: 1 TO 7 | J6: 8 TO 14 | O6: 15 T0 21 | S6: 22 TO 28 | W6: TOTAL
F7: TGT UNITS | H7: ACHI | I7: % | J7: TGT UNITS | L7: ACHI | N7: % | O7: TGT UNITS | Q7: ACHI | R7: % | S7: TGT UNITS | U7: ACHI | V7: % | W7: TGT UNITS | Y7: ACHI | AA7: %
A8: 1 | B8: Curaxone 250mg IM | C8: 1 Vial | D8: 70.79 | E8: 500 | F8: =W8/2 -> 646 | G8: =F8*D8 -> 45730.34 | J8: 646 | K8: =J8*D8 -> 45730.34 | L8: 3 | M8: =L8*D8 -> 212.37 | N8: =L8/J8 -> 0.0046439628 | O8: =W8/2 -> 646 | P8: =O8*D8 -> 45730.34 | S8: 646 | T8: =S8*D8 -> 45730.34 | W8: 1292 | X8: =W8*D8 -> 91460.68 | Y8: 9 | Z8: =Y8*D8 -> 637.11 | AA8: =Y8/W8 -> 0.0069659443
A9: 2 | B9: Curaxone 500mg IV | C9: 1 Vial | D9: 89.37 | E9: 500 | F9: =W9/2 -> 646 | G9: =F9*D9 -> 57733.02 | J9: 646 | K9: =J9*D9 -> 57733.02 | L9: 0 | M9: =L9*D9 -> 0 | N9: =L9/J9 -> 0 | O9: =W9/2 -> 646 | P9: =O9*D9 -> 57733.02 | S9: 646 | T9: =S9*D9 -> 57733.02 | W9: 1292 | X9: =W9*D9 -> 115466.04 | Y9: 10 | Z9: =Y9*D9 -> 893.7 | AA9: =Y9/W9 -> 0.0077399381
A10: 3 | B10: Curaxone IG IV | C10: 1 Vial | D10: 112.5 | E10: 800 | F10: =W10/2 -> 1033.5 | G10: =F10*D10 -> 116268.75 | J10: 1033.5 | K10: =J10*D10 -> 116268.75 | L10: 45 | M10: =L10*D10 -> 5062.5 | N10: =L10/J10 -> 0.043541364 | O10: =W10/2 -> 1033.5 | P10: =O10*D10 -> 116268.75 | S10: 1033.5 | T10: =S10*D10 -> 116268.75 | W10: 2067 | X10: =W10*D10 -> 232537.5 | Y10: 2004 | Z10: =Y10*D10 -> 225450 | AA10: =Y10/W10 -> 0.96952105
A11: 4 | B11: Mecoline 500mcg 20's | C11: 20's | D11: 55.23 | E11: 200 | F11: =W11/2 -> 258.5 | G11: =F11*D11 -> 14276.955 | J11: 258.5 | K11: =J11*D11 -> 14276.955 | L11: 0 | M11: =L11*D11 -> 0 | N11: =L11/J11 -> 0 | O11: =W11/2 -> 258.5 | P11: =O11*D11 -> 14276.955 | S11: 258.5 | T11: =S11*D11 -> 14276.955 | W11: 517 | X11: =W11*D11 -> 28553.91 | Y11: 0 | Z11: =Y11*D11 -> 0 | AA11: =Y11/W11 -> 0
A12: 5 | B12: Mecoline 500mcg 100's | C12: 100's | D12: 192.63 | E12: 192 | F12: =W12/2 -> 248 | G12: =F12*D12 -> 47772.24 | J12: 248 | K12: =J12*D12 -> 47772.24 | L12: 0 | M12: =L12*D12 -> 0 | N12: =L12/J12 -> 0 | O12: =W12/2 -> 248 | P12: =O12*D12 -> 47772.24 | S12: 248 | T12: =S12*D12 -> 47772.24 | W12: 496 | X12: =W12*D12 -> 95544.48 | Y12: 21 | Z12: =Y12*D12 -> 4045.23 | AA12: =Y12/W12 -> 0.04233871
A13: 6 | B13: SUDROPROXIM TAB | C13: 100's | D13: 195 | E13: 30 | F13: =W13/2 -> 39 | G13: =F13*D13 -> 7605 | J13: 39 | K13: =J13*D13 -> 7605 | L13: 0 | M13: =L13*D13 -> 0 | N13: =L13/J13 -> 0 | O13: =W13/2 -> 39 | P13: =O13*D13 -> 7605 | S13: 39 | T13: =S13*D13 -> 7605 | W13: 78 | X13: =W13*D13 -> 15210 | Y13: 0 | Z13: =Y13*D13 -> 0 | AA13: =Y13/W13 -> 0
A14: 7 | B14: SUDROPROXIM FORTE TAB | C14: 100's | D14: 648.52 | E14: 30 | F14: =W14/2 -> 39 | G14: =F14*D14 -> 25292.28 | J14: 39 | K14: =J14*D14 -> 25292.28 | L14: 1 | M14: =L14*D14 -> 648.52 | N14: =L14/J14 -> 0.025641026 | O14: =W14/2 -> 39 | P14: =O14*D14 -> 25292.28 | S14: 39 | T14: =S14*D14 -> 25292.28 | W14: 78 | X14: =W14*D14 -> 50584.56 | Y14: 1 | Z14: =Y14*D14 -> 648.52 | AA14: =Y14/W14 -> 0.012820513
A15: 8 | B15: TECHFEN P Tab 50mg | C15: 20's | D15: 51 | E15: 300 | F15: =W15/2 -> 387.5 | G15: =F15*D15 -> 19762.5 | J15: 387.5 | K15: =J15*D15 -> 19762.5 | L15: 55 | M15: =L15*D15 -> 2805 | N15: =L15/J15 -> 0.14193548 | O15: =W15/2 -> 387.5 | P15: =O15*D15 -> 19762.5 | S15: 387.5 | T15: =S15*D15 -> 19762.5 | W15: 775 | X15: =W15*D15 -> 39525 | Y15: 86 | Z15: =Y15*D15 -> 4386 | AA15: =Y15/W15 -> 0.11096774
A16: 9 | B16: Zicure 250mg Cap 10's | C16: 10's | D16: 189.25 | E16: 560 | F16: =W16/2 -> 723.5 | G16: =F16*D16 -> 136922.38 | J16: 723.5 | K16: =J16*D16 -> 136922.38 | L16: 19 | M16: =L16*D16 -> 3595.75 | N16: =L16/J16 -> 0.02626123 | O16: =W16/2 -> 723.5 | P16: =O16*D16 -> 136922.38 | S16: 723.5 | T16: =S16*D16 -> 136922.38 | W16: 1447 | X16: =W16*D16 -> 273844.75 | Y16: 53 | Z16: =Y16*D16 -> 10030.25 | AA16: =Y16/W16 -> 0.036627505
A17: 10 | B17: Zicure 250mg Cap 6's | C17: 6's | D17: 128.86 | E17: 550 | F17: =W17/2 -> 710.5 | G17: =F17*D17 -> 91555.03 | J17: 710.5 | K17: =J17*D17 -> 91555.03 | L17: 0 | M17: =L17*D17 -> 0 | N17: =L17/J17 -> 0 | O17: =W17/2 -> 710.5 | P17: =O17*D17 -> 91555.03 | S17: 710.5 | T17: =S17*D17 -> 91555.03 | W17: 1421 | X17: =W17*D17 -> 183110.06 | Y17: 0 | Z17: =Y17*D17 -> 0 | AA17: =Y17/W17 -> 0
A18: 11 | B18: Curatral 100mg Cap | C18: 4's | D18: 94.9 | E18: 650 | F18: =W18/2 -> 839.5 | G18: =F18*D18 -> 79668.55 | J18: 839.5 | K18: =J18*D18 -> 79668.55 | L18: 50 | M18: =L18*D18 -> 4745 | N18: =L18/J18 -> 0.059559261 | O18: =W18/2 -> 839.5 | P18: =O18*D18 -> 79668.55 | S18: 839.5 | T18: =S18*D18 -> 79668.55 | W18: 1679 | X18: =W18*D18 -> 159337.1 | Y18: 78 | Z18: =Y18*D18 -> 7402.2 | AA18: =Y18/W18 -> 0.046456224
A19: 12 | B19: TECHFEN SR Tab 100mg | C19: 30's | D19: 85.33 | E19: 550 | F19: =W19/2 -> 710.5 | G19: =F19*D19 -> 60626.965 | J19: 710.5 | K19: =J19*D19 -> 60626.965 | L19: 100 | M19: =L19*D19 -> 8533 | N19: =L19/J19 -> 0.14074595 | O19: =W19/2 -> 710.5 | P19: =O19*D19 -> 60626.965 | S19: 710.5 | T19: =S19*D19 -> 60626.965 | W19: 1421 | X19: =W19*D19 -> 121253.93 | Y19: 127 | Z19: =Y19*D19 -> 10836.91 | AA19: =Y19/W19 -> 0.089373681
... A22: 15 | B22: Pirotech 20mg Tab | C22: 20's | D22: 89.64 | E22: 300 | F22: =W22/2 -> 387.5 | G22: =F22*D22 -> 34735.5 | J22: 387.5 | K22: =J22*D22 -> 34735.5 | L22: 137 | M22: =L22*D22 -> 12280.68 | N22: =L22/J22 -> 0.35354839 | O22: =W22/2 -> 387.5 | P22: =O22*D22 -> 34735.5 | S22: 387.5 | T22: =S22*D22 -> 34735.5 | W22: 775 | X22: =W22*D22 -> 69471 | Y22: 15 | Z22: =Y22*D22 -> 1344.6 | AA22: =Y22/W22 -> 0.019354839
A23: Total Life Line Group Units | F23: =SUM(F8:F22) -> 7121.5 | G23: =F23*D23 -> 0 | J23: =SUM(J8:J22) -> 7121.5 | K23: =SUM(K8:K22) -> 773943.19 | L23: =SUM(L8:L22) -> 410 | M23: =SUM(M8:M22) -> 37882.82 | N23: =L23/J23 -> 0.057572141 | O23: =SUM(O8:O22) -> 7121.5 | P23: =O23*D23 -> 0 | S23: =SUM(S8:S22) -> 7121.5 | T23: =SUM(T8:T22) -> 773943.19 | W23: =SUM(W8:W22) -> 14243 | X23: =W23*D23 -> 0 | Y23: =SUM(Y8:Y22) -> 2404 | Z23: =Z22+Z21+Z20+Z19+Z18+Z17+Z16+Z15+Z14+Z13+Z12+Z11+Z10+Z9+Z8 -> 265674.52 | AA23: =Y23/W23 -> 0.16878467
A24: Total Life Line Group Value | E24: =SUM(E8:E23) -> 5512 | F24: =G24 -> 773943.19 | G24: =SUM(G8:G23) -> 773943.19 | J24: =K23 -> 773943.19 | L24: =M23 -> 37882.82 | N24: =L24/J24 -> 0.048947805 | O24: =P24 -> 773943.19 | P24: =SUM(P8:P23) -> 773943.19 | S24: =T23 -> 773943.19 | W24: =X24 -> 1547886.4 | X24: =SUM(X8:X23) -> 1547886.4 | Y24: =Z23 -> 265674.52 | AA24: =Y24/W24 -> 0.17163696

Sheet EHTISHAM
A1: CURATECH PHARMA (PVT) LTD
A3: SUMMARY OF (A.ASM) TARGET JULY-2025
A5: EHTISHAM RAFIQ (A.ASM)
A6: SR.NO | B6: PRODUCT NAME | C6: PACK SIZE | D6: RATE | E6: MONTHLY PER HEAD TGT | F6: 1 TO 7 | J6: 8 TO 14 | O6: 15 T0 21 | S6: 22 TO 28 | W6: TOTAL
F7: TGT UNITS | H7: ACHI | I7: % | J7: TGT UNITS | L7: ACHI | N7: % | O7: TGT UNITS | Q7: ACHI | R7: % | S7: TGT UNITS | U7: ACHI | V7: % | W7: TGT UNITS | Y7: ACHI | Z7: %
A8: 1 | B8: Curaxone 250mg IM | C8: 1 Vial | D8: 70.79 | E8: 500 | F8: =W8/26*7 -> 695.69231 | G8: =F8*D8 -> 49248.058 | J8: 695.69231 | K8: =J8*D8 -> 49248.058 | L8: 8 | M8: =L8*D8 -> 566.32 | N8: =L8/J8 -> 0.011499337 | O8: 695.69231 | P8: =O8*D8 -> 49248.058 | S8: 695.69231 | T8: =S8*D8 -> 49248.058 | W8: =ZEESHAN!W8+SAQIB!W8 -> 2584 | X8: =W8*D8 -> 182921.36 | Y8: =SHAHEER!Y8+vacant!Y8 -> 24 | Z8: =Y8/W8 -> 0.0092879257
A9: 2 | B9: Curaxone 500mg IV | C9: 1 Vial | D9: 89.37 | E9: 500 | F9: =W9/26*7 -> 695.69231 | G9: =F9*D9 -> 62174.022 | J9: 695.69231 | K9: =J9*D9 -> 62174.022 | L9: 10 | M9: =L9*D9 -> 893.7 | N9: =L9/J9 -> 0.014374171 | O9: 695.69231 | P9: =O9*D9 -> 62174.022 | S9: 695.69231 | T9: =S9*D9 -> 62174.022 | W9: =ZEESHAN!W9+SAQIB!W9 -> 2584 | X9: =W9*D9 -> 230932.08 | Y9: =SHAHEER!Y9+vacant!Y9 -> 25 | Z9: =Y9/W9 -> 0.0096749226
A10: 3 | B10: Curaxone IG IV | C10: 1 Vial | D10: 112.5 | E10: 800 | F10: =W10/26*7 -> 1113 | G10: =F10*D10 -> 125212.5 | J10: 1113 | K10: =J10*D10 -> 125212.5 | L10: 2196 | M10: =L10*D10 -> 247050 | N10: =L10/J10 -> 1.9730458 | O10: 1113 | P10: =O10*D10 -> 125212.5 | S10: 1113 | T10: =S10*D10 -> 125212.5 | W10: =ZEESHAN!W10+SAQIB!W10 -> 4134 | X10: =W10*D10 -> 465075 | Y10: =SHAHEER!Y10+vacant!Y10 -> 5251 | Z10: =Y10/W10 -> 1.2701984
A11: 4 | B11: Mecoline 500mcg 20's | C11: 20's | D11: 55.23 | E11: 200 | F11: =W11/26*7 -> 278.38462 | G11: =F11*D11 -> 15375.182 | J11: 278.38462 | K11: =J11*D11 -> 15375.182 | L11: 0 | M11: =L11*D11 -> 0 | N11: =L11/J11 -> 0 | O11: 278.38462 | P11: =O11*D11 -> 15375.182 | S11: 278.38462 | T11: =S11*D11 -> 15375.182 | W11: =ZEESHAN!W11+SAQIB!W11 -> 1034 | X11: =W11*D11 -> 57107.82 | Y11: =SHAHEER!Y11+vacant!Y11 -> 0 | Z11: =Y11/W11 -> 0
A12: 5 | B12: Mecoline 500mcg 100's | C12: 100's | D12: 192.63 | E12: 192 | F12: =W12/26*7 -> 267.07692 | G12: =F12*D12 -> 51447.028 | J12: 267.07692 | K12: =J12*D12 -> 51447.028 | L12: 10 | M12: =L12*D12 -> 1926.3 | N12: =L12/J12 -> 0.037442396 | O12: 267.07692 | P12: =O12*D12 -> 51447.028 | S12: 267.07692 | T12: =S12*D12 -> 51447.028 | W12: =ZEESHAN!W12+SAQIB!W12 -> 992 | X12: =W12*D12 -> 191088.96 | Y12: =SHAHEER!Y12+vacant!Y12 -> 22 | Z12: =Y12/W12 -> 0.022177419
A13: 6 | B13: SUDROPROXIM TAB | C13: 100's | D13: 195 | E13: 30 | F13: =W13/26*7 -> 42 | G13: =F13*D13 -> 8190 | J13: 42 | K13: =J13*D13 -> 8190 | L13: 0 | M13: =L13*D13 -> 0 | N13: =L13/J13 -> 0 | O13: 42 | P13: =O13*D13 -> 8190 | S13: 42 | T13: =S13*D13 -> 8190 | W13: =ZEESHAN!W13+SAQIB!W13 -> 156 | X13: =W13*D13 -> 30420 | Y13: =SHAHEER!Y13+vacant!Y13 -> 0 | Z13: =Y13/W13 -> 0
A14: 7 | B14: SUDROPROXIM FORTE TAB | C14: 100's | D14: 648.52 | E14: 30 | F14: =W14/26*7 -> 42 | G14: =F14*D14 -> 27237.84 | J14: 42 | K14: =J14*D14 -> 27237.84 | L14: 1 | M14: =L14*D14 -> 648.52 | N14: =L14/J14 -> 0.023809524 | O14: 42 | P14: =O14*D14 -> 27237.84 | S14: 42 | T14: =S14*D14 -> 27237.84 | W14: =ZEESHAN!W14+SAQIB!W14 -> 156 | X14: =W14*D14 -> 101169.12 | Y14: =SHAHEER!Y14+vacant!Y14 -> 2 | Z14: =Y14/W14 -> 0.012820513
A15: 8 | B15: TECHFEN P Tab 50mg | C15: 20's | D15: 51 | E15: 300 | F15: =W15/26*7 -> 417.30769 | G15: =F15*D15 -> 21282.692 | J15: 417.30769 | K15: =J15*D15 -> 21282.692 | L15: 159 | M15: =L15*D15 -> 8109 | N15: =L15/J15 -> 0.38101382 | O15: 417.30769 | P15: =O15*D15 -> 21282.692 | S15: 417.30769 | T15: =S15*D15 -> 21282.692 | W15: =ZEESHAN!W15+SAQIB!W15 -> 1550 | X15: =W15*D15 -> 79050 | Y15: =SHAHEER!Y15+vacant!Y15 -> 216 | Z15: =Y15/W15 -> 0.13935484
A16: 9 | B16: Zicure 250mg Cap 10's | C16: 10's | D16: 189.25 | E16: 560 | F16: =W16/26*7 -> 779.15385 | G16: =F16*D16 -> 147454.87 | J16: 779.15385 | K16: =J16*D16 -> 147454.87 | L16: 79 | M16: =L16*D16 -> 14950.75 | N16: =L16/J16 -> 0.10139204 | O16: 779.15385 | P16: =O16*D16 -> 147454.87 | S16: 779.15385 | T16: =S16*D16 -> 147454.87 | W16: =ZEESHAN!W16+SAQIB!W16 -> 2894 | X16: =W16*D16 -> 547689.5 | Y16: =SHAHEER!Y16+vacant!Y16 -> 165 | Z16: =Y16/W16 -> 0.057014513
A17: 10 | B17: Zicure 250mg Cap 6's | C17: 6's | D17: 128.86 | E17: 550 | F17: =W17/26*7 -> 765.15385 | G17: =F17*D17 -> 98597.725 | J17: 765.15385 | K17: =J17*D17 -> 98597.725 | L17: 0 | M17: =L17*D17 -> 0 | N17: =L17/J17 -> 0 | O17: 765.15385 | P17: =O17*D17 -> 98597.725 | S17: 765.15385 | T17: =S17*D17 -> 98597.725 | W17: =ZEESHAN!W17+SAQIB!W17 -> 2842 | X17: =W17*D17 -> 366220.12 | Y17: =SHAHEER!Y17+vacant!Y17 -> 0 | Z17: =Y17/W17 -> 0
A18: 11 | B18: Curatral 100mg Cap | C18: 4's | D18: 94.9 | E18: 650 | F18: =W18/26*7 -> 904.07692 | G18: =F18*D18 -> 85796.9 | J18: 904.07692 | K18: =J18*D18 -> 85796.9 | L18: 90 | M18: =L18*D18 -> 8541 | N18: =L18/J18 -> 0.099549051 | O18: 904.07692 | P18: =O18*D18 -> 85796.9 | S18: 904.07692 | T18: =S18*D18 -> 85796.9 | W18: =ZEESHAN!W18+SAQIB!W18 -> 3358 | X18: =W18*D18 -> 318674.2 | Y18: =SHAHEER!Y18+vacant!Y18 -> 162 | Z18: =Y18/W18 -> 0.048243002
A19: 12 | B19: TECHFEN SR Tab 100mg | C19: 30's | D19: 85.33 | E19: 550 | F19: =W19/26*7 -> 765.15385 | G19: =F19*D19 -> 65290.578 | J19: 765.15385 | K19: =J19*D19 -> 65290.578 | L19: 145 | M19: =L19*D19 -> 12372.85 | N19: =L19/J19 -> 0.18950437 | O19: 765.15385 | P19: =O19*D19 -> 65290.578 | S19: 765.15385 | T19: =S19*D19 -> 65290.578 | W19: =ZEESHAN!W19+SAQIB!W19 -> 2842 | X19: =W19*D19 -> 242507.86 | Y19: =SHAHEER!Y19+vacant!Y19 -> 227 | Z19: =Y19/W19 -> 0.079873329
... A22: 15 | B22: Pirotech 20mg Tab | C22: 20's | D22: 89.64 | E22: 300 | F22: =W22/26*7 -> 417.30769 | G22: =F22*D22 -> 37407.462 | J22: 417.30769 | K22: =J22*D22 -> 37407.462 | L22: 174 | M22: =L22*D22 -> 15597.36 | N22: =L22/J22 -> 0.41695853 | O22: 417.30769 | P22: =O22*D22 -> 37407.462 | S22: 417.30769 | T22: =S22*D22 -> 37407.462 | W22: =ZEESHAN!W22+SAQIB!W22 -> 1550 | X22: =W22*D22 -> 138942 | Y22: =SHAHEER!Y22+vacant!Y22 -> 100 | Z22: =Y22/W22 -> 0.064516129
A23: Total Life Line Group Units | F23: =SUM(F8:F22) -> 7669.3077 | G23: =F23*D23 -> 0 | J23: =SUM(J8:J22) -> 7669.3077 | K23: =SUM(K8:K22) -> 833477.28 | L23: =SUM(L8:L22) -> 2872 | M23: =SUM(M8:M22) -> 310655.8 | N23: =L23/J23 -> 0.37447969 | O23: =SUM(O8:O22) -> 7669.3077 | P23: =O23*D23 -> 0 | S23: =SUM(S8:S22) -> 7669.3077 | T23: =SUM(T8:T22) -> 833477.28 | W23: =SUM(W8:W22) -> 28486 | X23: =W23*D23 -> 0 | Y23: =SHAHEER!Y23+vacant!Y23 -> 6194 | Z23: =Y23/W23 -> 0.21744015
A24: Total Life Line Group Value | E24: =SUM(E8:E23) -> 5512 | F24: =G24 -> 833477.28 | G24: =SUM(G8:G23) -> 833477.28 | J24: =K23 -> 833477.28 | L24: =M23 -> 310655.8 | N24: =L24/J24 -> 0.37272258 | O24: =P24 -> 833477.28 | P24: =SUM(P8:P23) -> 833477.28 | S24: =T23 -> 833477.28 | W24: =X24 -> 3095772.8 | X24: =SUM(X8:X23) -> 3095772.8 | Y24: =SHAHEER!Y24+vacant!Y24 -> 686155.57 | Z24: =Y24/W24 -> 0.22164274

Sheet NAFEES
A1: CURATECH PHARMA (PVT) LTD
A3: SUMMARY OF (MIO) TARGET August-2025
A5: NAFEES (MIO)
A6: SR.NO | B6: PRODUCT NAME | C6: PACK SIZE | D6: RATE | E6: MONTHLY PER HEAD TGT | F6: 1 TO 7 | J6: 8 TO 14 | O6: 15 T0 21 | S6: 22 TO 28 | W6: TOTAL
F7: TGT UNITS | H7: ACHI | I7: % | J7: TGT UNITS | L7: ACHI | N7: % | O7: TGT UNITS | Q7: ACHI | R7: % | S7: TGT UNITS | U7: ACHI | V7: % | W7: TGT UNITS | Y7: ACHI | AA7: %
A8: 1 | B8: Curaxone 250mg IM | C8: 1 Vial | D8: 70.79 | E8: 500 | F8: =W8/2 -> 646 | G8: =F8*D8 -> 45730.34 | J8: 646 | K8: =J8*D8 -> 45730.34 | L8: 0 | M8: =L8*D8 -> 0 | N8: =L8/J8 -> 0 | O8: =W8/2 -> 646 | P8: =O8*D8 -> 45730.34 | S8: 646 | T8: =S8*D8 -> 45730.34 | W8: 1292 | X8: =W8*D8 -> 91460.68 | Y8: 55 | Z8: =Y8*D8 -> 3893.45 | AA8: =Y8/W8 -> 0.042569659
A9: 2 | B9: Curaxone 500mg IV | C9: 1 Vial | D9: 89.37 | E9: 500 | F9: =W9/2 -> 646 | G9: =F9*D9 -> 57733.02 | J9: 646 | K9: =J9*D9 -> 57733.02 | L9: 0 | M9: =L9*D9 -> 0 | N9: =L9/J9 -> 0 | O9: =W9/2 -> 646 | P9: =O9*D9 -> 57733.02 | S9: 646 | T9: =S9*D9 -> 57733.02 | W9: 1292 | X9: =W9*D9 -> 115466.04 | Y9: 45 | Z9: =Y9*D9 -> 4021.65 | AA9: =Y9/W9 -> 0.034829721
A10: 3 | B10: Curaxone IG IV | C10: 1 Vial | D10: 112.5 | E10: 800 | F10: =W10/2 -> 1033.5 | G10: =F10*D10 -> 116268.75 | J10: 1033.5 | K10: =J10*D10 -> 116268.75 | L10: 624 | M10: =L10*D10 -> 70200 | N10: =L10/J10 -> 0.60377358 | O10: =W10/2 -> 1033.5 | P10: =O10*D10 -> 116268.75 | S10: 1033.5 | T10: =S10*D10 -> 116268.75 | W10: 2067 | X10: =W10*D10 -> 232537.5 | Y10: 944 | Z10: =Y10*D10 -> 106200 | AA10: =Y10/W10 -> 0.45670053
A11: 4 | B11: Mecoline 500mcg 20's | C11: 20's | D11: 55.23 | E11: 200 | F11: =W11/2 -> 258.5 | G11: =F11*D11 -> 14276.955 | J11: 258.5 | K11: =J11*D11 -> 14276.955 | L11: 0 | M11: =L11*D11 -> 0 | N11: =L11/J11 -> 0 | O11: =W11/2 -> 258.5 | P11: =O11*D11 -> 14276.955 | S11: 258.5 | T11: =S11*D11 -> 14276.955 | W11: 517 | X11: =W11*D11 -> 28553.91 | Y11: 0 | Z11: =Y11*D11 -> 0 | AA11: =Y11/W11 -> 0
A12: 5 | B12: Mecoline 500mcg 100's | C12: 100's | D12: 192.63 | E12: 192 | F12: =W12/2 -> 248 | G12: =F12*D12 -> 47772.24 | J12: 248 | K12: =J12*D12 -> 47772.24 | L12: 1 | M12: =L12*D12 -> 192.63 | N12: =L12/J12 -> 0.0040322581 | O12: =W12/2 -> 248 | P12: =O12*D12 -> 47772.24 | S12: 248 | T12: =S12*D12 -> 47772.24 | W12: 496 | X12: =W12*D12 -> 95544.48 | Y12: 9 | Z12: =Y12*D12 -> 1733.67 | AA12: =Y12/W12 -> 0.018145161
A13: 6 | B13: SUDROPROXIM TAB | C13: 100's | D13: 195 | E13: 30 | F13: =W13/2 -> 39 | G13: =F13*D13 -> 7605 | J13: 39 | K13: =J13*D13 -> 7605 | L13: 0 | M13: =L13*D13 -> 0 | N13: =L13/J13 -> 0 | O13: =W13/2 -> 39 | P13: =O13*D13 -> 7605 | S13: 39 | T13: =S13*D13 -> 7605 | W13: 78 | X13: =W13*D13 -> 15210 | Y13: 0 | Z13: =Y13*D13 -> 0 | AA13: =Y13/W13 -> 0
A14: 7 | B14: SUDROPROXIM FORTE TAB | C14: 100's | D14: 648.52 | E14: 30 | F14: =W14/2 -> 39 | G14: =F14*D14 -> 25292.28 | J14: 39 | K14: =J14*D14 -> 25292.28 | L14: 0 | M14: =L14*D14 -> 0 | N14: =L14/J14 -> 0 | O14: =W14/2 -> 39 | P14: =O14*D14 -> 25292.28 | S14: 39 | T14: =S14*D14 -> 25292.28 | W14: 78 | X14: =W14*D14 -> 50584.56 | Y14: 0 | Z14: =Y14*D14 -> 0 | AA14: =Y14/W14 -> 0
A15: 8 | B15: TECHFEN P Tab 50mg | C15: 20's | D15: 51 | E15: 300 | F15: =W15/2 -> 387.5 | G15: =F15*D15 -> 19762.5 | J15: 387.5 | K15: =J15*D15 -> 19762.5 | L15: 12 | M15: =L15*D15 -> 612 | N15: =L15/J15 -> 0.030967742 | O15: =W15/2 -> 387.5 | P15: =O15*D15 -> 19762.5 | S15: 387.5 | T15: =S15*D15 -> 19762.5 | W15: 775 | X15: =W15*D15 -> 39525 | Y15: 15 | Z15: =Y15*D15 -> 765 | AA15: =Y15/W15 -> 0.019354839
A16: 9 | B16: Zicure 250mg Cap 10's | C16: 10's | D16: 189.25 | E16: 560 | F16: =W16/2 -> 723.5 | G16: =F16*D16 -> 136922.38 | J16: 723.5 | K16: =J16*D16 -> 136922.38 | L16: 8 | M16: =L16*D16 -> 1514 | N16: =L16/J16 -> 0.01105736 | O16: =W16/2 -> 723.5 | P16: =O16*D16 -> 136922.38 | S16: 723.5 | T16: =S16*D16 -> 136922.38 | W16: 1447 | X16: =W16*D16 -> 273844.75 | Y16: 23 | Z16: =Y16*D16 -> 4352.75 | AA16: =Y16/W16 -> 0.015894955
A17: 10 | B17: Zicure 250mg Cap 6's | C17: 6's | D17: 128.86 | E17: 550 | F17: =W17/2 -> 710.5 | G17: =F17*D17 -> 91555.03 | J17: 710.5 | K17: =J17*D17 -> 91555.03 | L17: 0 | M17: =L17*D17 -> 0 | N17: =L17/J17 -> 0 | O17: =W17/2 -> 710.5 | P17: =O17*D17 -> 91555.03 | S17: 710.5 | T17: =S17*D17 -> 91555.03 | W17: 1421 | X17: =W17*D17 -> 183110.06 | Y17: 0 | Z17: =Y17*D17 -> 0 | AA17: =Y17/W17 -> 0
A18: 11 | B18: Curatral 100mg Cap | C18: 4's | D18: 94.9 | E18: 650 | F18: =W18/2 -> 839.5 | G18: =F18*D18 -> 79668.55 | J18: 839.5 | K18: =J18*D18 -> 79668.55 | L18: 49 | M18: =L18*D18 -> 4650.1 | N18: =L18/J18 -> 0.058368076 | O18: =W18/2 -> 839.5 | P18: =O18*D18 -> 79668.55 | S18: 839.5 | T18: =S18*D18 -> 79668.55 | W18: 1679 | X18: =W18*D18 -> 159337.1 | Y18: 112 | Z18: =Y18*D18 -> 10628.8 | AA18: =Y18/W18 -> 0.066706373
A19: 12 | B19: TECHFEN SR Tab 100mg | C19: 30's | D19: 85.33 | E19: 550 | F19: =W19/2 -> 710.5 | G19: =F19*D19 -> 60626.965 | J19: 710.5 | K19: =J19*D19 -> 60626.965 | L19: 400 | M19: =L19*D19 -> 34132 | N19: =L19/J19 -> 0.56298381 | O19: =W19/2 -> 710.5 | P19: =O19*D19 -> 60626.965 | S19: 710.5 | T19: =S19*D19 -> 60626.965 | W19: 1421 | X19: =W19*D19 -> 121253.93 | Y19: 388 | Z19: =Y19*D19 -> 33108.04 | AA19: =Y19/W19 -> 0.27304715
... A22: 15 | B22: Pirotech 20mg Tab | C22: 20's | D22: 89.64 | E22: 300 | F22: =W22/2 -> 387.5 | G22: =F22*D22 -> 34735.5 | J22: 387.5 | K22: =J22*D22 -> 34735.5 | L22: 18 | M22: =L22*D22 -> 1613.52 | N22: =L22/J22 -> 0.046451613 | O22: =W22/2 -> 387.5 | P22: =O22*D22 -> 34735.5 | S22: 387.5 | T22: =S22*D22 -> 34735.5 | W22: 775 | X22: =W22*D22 -> 69471 | Y22: 55 | Z22: =Y22*D22 -> 4930.2 | AA22: =Y22/W22 -> 0.070967742
A23: Total Life Line Group Units | F23: =SUM(F8:F22) -> 7121.5 | G23: =F23*D23 -> 0 | J23: =SUM(J8:J22) -> 7121.5 | K23: =SUM(K8:K22) -> 773943.19 | L23: =SUM(L8:L22) -> 1112 | M23: =SUM(M8:M22) -> 112914.25 | N23: =L23/J23 -> 0.15614688 | O23: =SUM(O8:O22) -> 7121.5 | P23: =O23*D23 -> 0 | S23: =SUM(S8:S22) -> 7121.5 | T23: =SUM(T8:T22) -> 773943.19 | W23: =SUM(W8:W22) -> 14243 | X23: =W23*D23 -> 0 | Y23: =SUM(Y8:Y22) -> 1646 | AA23: =Y23/W23 -> 0.11556554
A24: Total Life Line Group Value | E24: =SUM(E8:E23) -> 5512 | F24: =G24 -> 773943.19 | G24: =SUM(G8:G23) -> 773943.19 | J24: =K23 -> 773943.19 | L24: =M23 -> 112914.25 | N24: =L24/J24 -> 0.14589475 | O24: =P24 -> 773943.19 | P24: =SUM(P8:P23) -> 773943.19 | S24: =T23 -> 773943.19 | W24: =X24 -> 1547886.4 | X24: =SUM(X8:X23) -> 1547886.4 | AA24: =Y24/W24 -> 0

Sheet TOUSEEF
A1: CURATECH PHARMA (PVT) LTD
A3: SUMMARY OF (A.ASMs) TARGET JULY-2025
A5: TOUSEEF (MIO)
A6: SR.NO | B6: PRODUCT NAME | C6: PACK SIZE | D6: RATE | E6: MONTHLY PER HEAD TGT | F6: 1 TO 7 | J6: 8 TO 14 | O6: 15 T0 21 | S6: 22 TO 28 | W6: TOTAL
F7: TGT UNITS | H7: ACHI | I7: % | J7: TGT UNITS | L7: ACHI | N7: % | O7: TGT UNITS | Q7: ACHI | R7: % | S7: TGT UNITS | U7: ACHI | V7: % | W7: TGT UNITS | Y7: ACHI | AA7: %
A8: 1 | B8: Curaxone 250mg IM | C8: 1 Vial | D8: 70.79 | E8: 500 | F8: =W8/2 -> 646 | G8: =F8*D8 -> 45730.34 | J8: 646 | K8: =J8*D8 -> 45730.34 | L8: 0 | M8: =L8*D8 -> 0 | N8: =L8/J8 -> 0 | O8: =W8/2 -> 646 | P8: =O8*D8 -> 45730.34 | S8: 646 | T8: =S8*D8 -> 45730.34 | W8: 1292 | X8: =W8*D8 -> 91460.68 | Y8: 80 | Z8: =Y8*D8 -> 5663.2 | AA8: =Y8/W8 -> 0.061919505
A9: 2 | B9: Curaxone 500mg IV | C9: 1 Vial | D9: 89.37 | E9: 500 | F9: =W9/2 -> 646 | G9: =F9*D9 -> 57733.02 | J9: 646 | K9: =J9*D9 -> 57733.02 | L9: 50 | M9: =L9*D9 -> 4468.5 | N9: =L9/J9 -> 0.077399381 | O9: =W9/2 -> 646 | P9: =O9*D9 -> 57733.02 | S9: 646 | T9: =S9*D9 -> 57733.02 | W9: 1292 | X9: =W9*D9 -> 115466.04 | Y9: 30 | Z9: =Y9*D9 -> 2681.1 | AA9: =Y9/W9 -> 0.023219814
A10: 3 | B10: Curaxone IG IV | C10: 1 Vial | D10: 112.5 | E10: 800 | F10: =W10/2 -> 1033.5 | G10: =F10*D10 -> 116268.75 | J10: 1033.5 | K10: =J10*D10 -> 116268.75 | L10: 616 | M10: =L10*D10 -> 69300 | N10: =L10/J10 -> 0.5960329 | O10: =W10/2 -> 1033.5 | P10: =O10*D10 -> 116268.75 | S10: 1033.5 | T10: =S10*D10 -> 116268.75 | W10: 2067 | X10: =W10*D10 -> 232537.5 | Y10: 1450 | Z10: =Y10*D10 -> 163125 | AA10: =Y10/W10 -> 0.70149976
A11: 4 | B11: Mecoline 500mcg 20's | C11: 20's | D11: 55.23 | E11: 200 | F11: =W11/2 -> 258.5 | G11: =F11*D11 -> 14276.955 | J11: 258.5 | K11: =J11*D11 -> 14276.955 | L11: 0 | M11: =L11*D11 -> 0 | N11: =L11/J11 -> 0 | O11: =W11/2 -> 258.5 | P11: =O11*D11 -> 14276.955 | S11: 258.5 | T11: =S11*D11 -> 14276.955 | W11: 517 | X11: =W11*D11 -> 28553.91 | Y11: 0 | Z11: =Y11*D11 -> 0 | AA11: =Y11/W11 -> 0
A12: 5 | B12: Mecoline 500mcg 100's | C12: 100's | D12: 192.63 | E12: 192 | F12: =W12/2 -> 248 | G12: =F12*D12 -> 47772.24 | J12: 248 | K12: =J12*D12 -> 47772.24 | L12: 8 | M12: =L12*D12 -> 1541.04 | N12: =L12/J12 -> 0.032258065 | O12: =W12/2 -> 248 | P12: =O12*D12 -> 47772.24 | S12: 248 | T12: =S12*D12 -> 47772.24 | W12: 496 | X12: =W12*D12 -> 95544.48 | Y12: 8 | Z12: =Y12*D12 -> 1541.04 | AA12: =Y12/W12 -> 0.016129032
A13: 6 | B13: SUDROPROXIM TAB | C13: 100's | D13: 195 | E13: 30 | F13: =W13/2 -> 39 | G13: =F13*D13 -> 7605 | J13: 39 | K13: =J13*D13 -> 7605 | L13: 0 | M13: =L13*D13 -> 0 | N13: =L13/J13 -> 0 | O13: =W13/2 -> 39 | P13: =O13*D13 -> 7605 | S13: 39 | T13: =S13*D13 -> 7605 | W13: 78 | X13: =W13*D13 -> 15210 | Y13: 0 | Z13: =Y13*D13 -> 0 | AA13: =Y13/W13 -> 0
A14: 7 | B14: SUDROPROXIM FORTE TAB | C14: 100's | D14: 648.52 | E14: 30 | F14: =W14/2 -> 39 | G14: =F14*D14 -> 25292.28 | J14: 39 | K14: =J14*D14 -> 25292.28 | L14: 10 | M14: =L14*D14 -> 6485.2 | N14: =L14/J14 -> 0.25641026 | O14: =W14/2 -> 39 | P14: =O14*D14 -> 25292.28 | S14: 39 | T14: =S14*D14 -> 25292.28 | W14: 78 | X14: =W14*D14 -> 50584.56 | Y14: 0 | Z14: =Y14*D14 -> 0 | AA14: =Y14/W14 -> 0
A15: 8 | B15: TECHFEN P Tab 50mg | C15: 20's | D15: 51 | E15: 300 | F15: =W15/2 -> 387.5 | G15: =F15*D15 -> 19762.5 | J15: 387.5 | K15: =J15*D15 -> 19762.5 | L15: 23 | M15: =L15*D15 -> 1173 | N15: =L15/J15 -> 0.059354839 | O15: =W15/2 -> 387.5 | P15: =O15*D15 -> 19762.5 | S15: 387.5 | T15: =S15*D15 -> 19762.5 | W15: 775 | X15: =W15*D15 -> 39525 | Y15: 111 | Z15: =Y15*D15 -> 5661 | AA15: =Y15/W15 -> 0.14322581
A16: 9 | B16: Zicure 250mg Cap 10's | C16: 10's | D16: 189.25 | E16: 560 | F16: =W16/2 -> 723.5 | G16: =F16*D16 -> 136922.38 | J16: 723.5 | K16: =J16*D16 -> 136922.38 | L16: 3 | M16: =L16*D16 -> 567.75 | N16: =L16/J16 -> 0.00414651 | O16: =W16/2 -> 723.5 | P16: =O16*D16 -> 136922.38 | S16: 723.5 | T16: =S16*D16 -> 136922.38 | W16: 1447 | X16: =W16*D16 -> 273844.75 | Y16: 84 | Z16: =Y16*D16 -> 15897 | AA16: =Y16/W16 -> 0.05805114
A17: 10 | B17: Zicure 250mg Cap 6's | C17: 6's | D17: 128.86 | E17: 550 | F17: =W17/2 -> 710.5 | G17: =F17*D17 -> 91555.03 | J17: 710.5 | K17: =J17*D17 -> 91555.03 | L17: 0 | M17: =L17*D17 -> 0 | N17: =L17/J17 -> 0 | O17: =W17/2 -> 710.5 | P17: =O17*D17 -> 91555.03 | S17: 710.5 | T17: =S17*D17 -> 91555.03 | W17: 1421 | X17: =W17*D17 -> 183110.06 | Y17: 0 | Z17: =Y17*D17 -> 0 | AA17: =Y17/W17 -> 0
A18: 11 | B18: Curatral 100mg Cap | C18: 4's | D18: 94.9 | E18: 650 | F18: =W18/2 -> 839.5 | G18: =F18*D18 -> 79668.55 | J18: 839.5 | K18: =J18*D18 -> 79668.55 | L18: 10 | M18: =L18*D18 -> 949 | N18: =L18/J18 -> 0.011911852 | O18: =W18/2 -> 839.5 | P18: =O18*D18 -> 79668.55 | S18: 839.5 | T18: =S18*D18 -> 79668.55 | W18: 1679 | X18: =W18*D18 -> 159337.1 | Y18: 195 | Z18: =Y18*D18 -> 18505.5 | AA18: =Y18/W18 -> 0.11614056
A19: 12 | B19: TECHFEN SR Tab 100mg | C19: 30's | D19: 85.33 | E19: 550 | F19: =W19/2 -> 710.5 | G19: =F19*D19 -> 60626.965 | J19: 710.5 | K19: =J19*D19 -> 60626.965 | L19: 177 | M19: =L19*D19 -> 15103.41 | N19: =L19/J19 -> 0.24912034 | O19: =W19/2 -> 710.5 | P19: =O19*D19 -> 60626.965 | S19: 710.5 | T19: =S19*D19 -> 60626.965 | W19: 1421 | X19: =W19*D19 -> 121253.93 | Y19: 430 | Z19: =Y19*D19 -> 36691.9 | AA19: =Y19/W19 -> 0.3026038
... A22: 15 | B22: Pirotech 20mg Tab | C22: 20's | D22: 89.64 | E22: 300 | F22: =W22/2 -> 387.5 | G22: =F22*D22 -> 34735.5 | J22: 387.5 | K22: =J22*D22 -> 34735.5 | L22: 95 | M22: =L22*D22 -> 8515.8 | N22: =L22/J22 -> 0.24516129 | O22: =W22/2 -> 387.5 | P22: =O22*D22 -> 34735.5 | S22: 387.5 | T22: =S22*D22 -> 34735.5 | W22: 775 | X22: =W22*D22 -> 69471 | Y22: 115 | Z22: =Y22*D22 -> 10308.6 | AA22: =Y22/W22 -> 0.1483871
A23: Total Life Line Group Units | F23: =SUM(F8:F22) -> 7121.5 | G23: =F23*D23 -> 0 | J23: =SUM(J8:J22) -> 7121.5 | K23: =SUM(K8:K22) -> 773943.19 | L23: =SUM(L8:L22) -> 992 | M23: =SUM(M8:M22) -> 108103.7 | N23: =L23/J23 -> 0.1392965 | O23: =SUM(O8:O22) -> 7121.5 | P23: =O23*D23 -> 0 | S23: =SUM(S8:S22) -> 7121.5 | T23: =SUM(T8:T22) -> 773943.19 | W23: =SUM(W8:W22) -> 14243 | X23: =W23*D23 -> 0 | Y23: 2503 | AA23: =Y23/W23 -> 0.17573545
A24: Total Life Line Group Value | E24: =SUM(E8:E23) -> 5512 | F24: =G24 -> 773943.19 | G24: =SUM(G8:G23) -> 773943.19 | J24: =K23 -> 773943.19 | L24: =M23 -> 108103.7 | N24: =L24/J24 -> 0.13967912 | O24: =P24 -> 773943.19 | P24: =SUM(P8:P23) -> 773943.19 | S24: =T23 -> 773943.19 | W24: =X24 -> 1547886.4 | X24: =SUM(X8:X23) -> 1547886.4 | AA24: =Y24/W24 -> 0

Sheet AYAZ
A1: CURATECH PHARMA (PVT) LTD
A3: SUMMARY OF (A.ASM) TARGET JULY-2025
A5: AYAZ LARIK (A.ASM)
A6: SR.NO | B6: PRODUCT NAME | C6: PACK SIZE | D6: RATE | E6: MONTHLY PER HEAD TGT | F6: 1 TO 7 | J6: 8 TO 14 | O6: 15 T0 21 | S6: 22 TO 28 | W6: TOTAL
F7: TGT UNITS | H7: ACHI | I7: % | J7: TGT UNITS | L7: ACHI | N7: % | O7: TGT UNITS | Q7: ACHI | R7: % | S7: TGT UNITS | U7: ACHI | V7: % | W7: TGT UNITS | Y7: ACHI | Z7: %
A8: 1 | B8: Curaxone 250mg IM | C8: 1 Vial | D8: 70.79 | E8: 500 | F8: =W8/26*7 -> 695.69231 | G8: =F8*D8 -> 49248.058 | J8: 695.69231 | K8: =J8*D8 -> 49248.058 | L8: 10 | M8: =L8*D8 -> 707.9 | N8: =L8/J8 -> 0.014374171 | O8: 695.69231 | P8: =O8*D8 -> 49248.058 | S8: 695.69231 | T8: =S8*D8 -> 49248.058 | W8: =ZEESHAN!W8+SAQIB!W8 -> 2584 | X8: =W8*D8 -> 182921.36 | Y8: 120 | Z8: =Y8/W8 -> 0.046439628
A9: 2 | B9: Curaxone 500mg IV | C9: 1 Vial | D9: 89.37 | E9: 500 | F9: =W9/26*7 -> 695.69231 | G9: =F9*D9 -> 62174.022 | J9: 695.69231 | K9: =J9*D9 -> 62174.022 | L9: 50 | M9: =L9*D9 -> 4468.5 | N9: =L9/J9 -> 0.071870854 | O9: 695.69231 | P9: =O9*D9 -> 62174.022 | S9: 695.69231 | T9: =S9*D9 -> 62174.022 | W9: =ZEESHAN!W9+SAQIB!W9 -> 2584 | X9: =W9*D9 -> 230932.08 | Y9: 40 | Z9: =Y9/W9 -> 0.015479876
A10: 3 | B10: Curaxone IG IV | C10: 1 Vial | D10: 112.5 | E10: 800 | F10: =W10/26*7 -> 1113 | G10: =F10*D10 -> 125212.5 | J10: 1113 | K10: =J10*D10 -> 125212.5 | L10: 1205 | M10: =L10*D10 -> 135562.5 | N10: =L10/J10 -> 1.0826595 | O10: 1113 | P10: =O10*D10 -> 125212.5 | S10: 1113 | T10: =S10*D10 -> 125212.5 | W10: =ZEESHAN!W10+SAQIB!W10 -> 4134 | X10: =W10*D10 -> 465075 | Y10: 2338 | Z10: =Y10/W10 -> 0.56555394
A11: 4 | B11: Mecoline 500mcg 20's | C11: 20's | D11: 55.23 | E11: 200 | F11: =W11/26*7 -> 278.38462 | G11: =F11*D11 -> 15375.182 | J11: 278.38462 | K11: =J11*D11 -> 15375.182 | L11: 0 | M11: =L11*D11 -> 0 | N11: =L11/J11 -> 0 | O11: 278.38462 | P11: =O11*D11 -> 15375.182 | S11: 278.38462 | T11: =S11*D11 -> 15375.182 | W11: =ZEESHAN!W11+SAQIB!W11 -> 1034 | X11: =W11*D11 -> 57107.82 | Y11: 0 | Z11: =Y11/W11 -> 0
A12: 5 | B12: Mecoline 500mcg 100's | C12: 100's | D12: 192.63 | E12: 192 | F12: =W12/26*7 -> 267.07692 | G12: =F12*D12 -> 51447.028 | J12: 267.07692 | K12: =J12*D12 -> 51447.028 | L12: 9 | M12: =L12*D12 -> 1733.67 | N12: =L12/J12 -> 0.033698157 | O12: 267.07692 | P12: =O12*D12 -> 51447.028 | S12: 267.07692 | T12: =S12*D12 -> 51447.028 | W12: =ZEESHAN!W12+SAQIB!W12 -> 992 | X12: =W12*D12 -> 191088.96 | Y12: 19 | Z12: =Y12/W12 -> 0.019153226
A13: 6 | B13: SUDROPROXIM TAB | C13: 100's | D13: 195 | E13: 30 | F13: =W13/26*7 -> 42 | G13: =F13*D13 -> 8190 | J13: 42 | K13: =J13*D13 -> 8190 | L13: 0 | M13: =L13*D13 -> 0 | N13: =L13/J13 -> 0 | O13: 42 | P13: =O13*D13 -> 8190 | S13: 42 | T13: =S13*D13 -> 8190 | W13: =ZEESHAN!W13+SAQIB!W13 -> 156 | X13: =W13*D13 -> 30420 | Y13: 0 | Z13: =Y13/W13 -> 0
A14: 7 | B14: SUDROPROXIM FORTE TAB | C14: 100's | D14: 648.52 | E14: 30 | F14: =W14/26*7 -> 42 | G14: =F14*D14 -> 27237.84 | J14: 42 | K14: =J14*D14 -> 27237.84 | L14: 10 | M14: =L14*D14 -> 6485.2 | N14: =L14/J14 -> 0.23809524 | O14: 42 | P14: =O14*D14 -> 27237.84 | S14: 42 | T14: =S14*D14 -> 27237.84 | W14: =ZEESHAN!W14+SAQIB!W14 -> 156 | X14: =W14*D14 -> 101169.12 | Y14: 0 | Z14: =Y14/W14 -> 0
A15: 8 | B15: TECHFEN P Tab 50mg | C15: 20's | D15: 51 | E15: 300 | F15: =W15/26*7 -> 417.30769 | G15: =F15*D15 -> 21282.692 | J15: 417.30769 | K15: =J15*D15 -> 21282.692 | L15: 35 | M15: =L15*D15 -> 1785 | N15: =L15/J15 -> 0.083870968 | O15: 417.30769 | P15: =O15*D15 -> 21282.692 | S15: 417.30769 | T15: =S15*D15 -> 21282.692 | W15: =ZEESHAN!W15+SAQIB!W15 -> 1550 | X15: =W15*D15 -> 79050 | Y15: 195 | Z15: =Y15/W15 -> 0.12580645
A16: 9 | B16: Zicure 250mg Cap 10's | C16: 10's | D16: 189.25 | E16: 560 | F16: =W16/26*7 -> 779.15385 | G16: =F16*D16 -> 147454.87 | J16: 779.15385 | K16: =J16*D16 -> 147454.87 | L16: 11 | M16: =L16*D16 -> 2081.75 | N16: =L16/J16 -> 0.014117879 | O16: 779.15385 | P16: =O16*D16 -> 147454.87 | S16: 779.15385 | T16: =S16*D16 -> 147454.87 | W16: =ZEESHAN!W16+SAQIB!W16 -> 2894 | X16: =W16*D16 -> 547689.5 | Y16: 191 | Z16: =Y16/W16 -> 0.065998618
A17: 10 | B17: Zicure 250mg Cap 6's | C17: 6's | D17: 128.86 | E17: 550 | F17: =W17/26*7 -> 765.15385 | G17: =F17*D17 -> 98597.725 | J17: 765.15385 | K17: =J17*D17 -> 98597.725 | L17: 0 | M17: =L17*D17 -> 0 | N17: =L17/J17 -> 0 | O17: 765.15385 | P17: =O17*D17 -> 98597.725 | S17: 765.15385 | T17: =S17*D17 -> 98597.725 | W17: =ZEESHAN!W17+SAQIB!W17 -> 2842 | X17: =W17*D17 -> 366220.12 | Y17: 2 | Z17: =Y17/W17 -> 0.00070372977
A18: 11 | B18: Curatral 100mg Cap | C18: 4's | D18: 94.9 | E18: 650 | F18: =W18/26*7 -> 904.07692 | G18: =F18*D18 -> 85796.9 | J18: 904.07692 | K18: =J18*D18 -> 85796.9 | L18: 59 | M18: =L18*D18 -> 5599.1 | N18: =L18/J18 -> 0.065259934 | O18: 904.07692 | P18: =O18*D18 -> 85796.9 | S18: 904.07692 | T18: =S18*D18 -> 85796.9 | W18: =ZEESHAN!W18+SAQIB!W18 -> 3358 | X18: =W18*D18 -> 318674.2 | Y18: 393 | Z18: =Y18/W18 -> 0.11703395
A19: 12 | B19: TECHFEN SR Tab 100mg | C19: 30's | D19: 85.33 | E19: 550 | F19: =W19/26*7 -> 765.15385 | G19: =F19*D19 -> 65290.578 | J19: 765.15385 | K19: =J19*D19 -> 65290.578 | L19: 563 | M19: =L19*D19 -> 48040.79 | N19: =L19/J19 -> 0.73579974 | O19: 765.15385 | P19: =O19*D19 -> 65290.578 | S19: 765.15385 | T19: =S19*D19 -> 65290.578 | W19: =ZEESHAN!W19+SAQIB!W19 -> 2842 | X19: =W19*D19 -> 242507.86 | Y19: 957 | Z19: =Y19/W19 -> 0.33673469
... A22: 15 | B22: Pirotech 20mg Tab | C22: 20's | D22: 89.64 | E22: 300 | F22: =W22/26*7 -> 417.30769 | G22: =F22*D22 -> 37407.462 | J22: 417.30769 | K22: =J22*D22 -> 37407.462 | L22: 113 | M22: =L22*D22 -> 10129.32 | N22: =L22/J22 -> 0.27078341 | O22: 417.30769 | P22: =O22*D22 -> 37407.462 | S22: 417.30769 | T22: =S22*D22 -> 37407.462 | W22: =ZEESHAN!W22+SAQIB!W22 -> 1550 | X22: =W22*D22 -> 138942 | Y22: 179 | Z22: =Y22/W22 -> 0.11548387
A23: Total Life Line Group Units | F23: =SUM(F8:F22) -> 7669.3077 | G23: =F23*D23 -> 0 | J23: =SUM(J8:J22) -> 7669.3077 | K23: =SUM(K8:K22) -> 833477.28 | L23: =SUM(L8:L22) -> 2065 | M23: =SUM(M8:M22) -> 216593.73 | N23: =L23/J23 -> 0.26925507 | O23: =SUM(O8:O22) -> 7669.3077 | P23: =O23*D23 -> 0 | S23: =SUM(S8:S22) -> 7669.3077 | T23: =SUM(T8:T22) -> 833477.28 | W23: =SUM(W8:W22) -> 28486 | X23: =W23*D23 -> 0 | Y23: 4434 | Z23: =Y23/W23 -> 0.15565541
A24: Total Life Line Group Value | E24: =SUM(E8:E23) -> 5512 | F24: =G24 -> 833477.28 | G24: =SUM(G8:G23) -> 833477.28 | J24: =K23 -> 833477.28 | L24: =M23 -> 216593.73 | N24: =L24/J24 -> 0.25986759 | O24: =P24 -> 833477.28 | P24: =SUM(P8:P23) -> 833477.28 | S24: =T23 -> 833477.28 | W24: =X24 -> 3095772.8 | X24: =SUM(X8:X23) -> 3095772.8 | Y24: =Z23 -> 0.15565541 | Z24: =Y24/W24 -> 5.0279986e-08

Sheet SM
A1: CURATECH PHARMA (PVT) LTD
A3: SUMMARY OF WEEK WISE TARGET Vs ACHIEVEMENT
A5: M.FAHAD SADDIQUI (SM-KHI-1)
A6: SR.NO | B6: S | C6: PACK SIZE | D6: RATE | E6: MONTHLY PER HEAD TGT | F6: 1 T0 7 | K6: 1 TO 14 | Q6: 1 TO 21 | W6: 1 TO 28 | AC6: TOTAL 14TH OF JULY25
F7: TGT UNITS | H7: ACHI | J7: % | K7: TGT UNITS | M7: ACHI | O7: % | P7: 2ND WEEK | Q7: TGT UNITS | S7: ACHI | U7: % | V7: 3rd WEEK | W7: TGT UNITS | Y7: ACHI | AA7: % | AB7: 4RTH WEEK | AC7: TGT UNITS | AE7: ACHI | AG7: %
A8: 1 | B8: Curaxone 250mg IM | C8: 1 Vial | D8: 79.99 | E8: 500 | F8: 1788 | G8: =F8*D8 -> 143022.12 | I8: =H8*D8 -> 0 | J8: 0 | K8: 3875 | L8: =K8*D8 -> 309961.25 | M8: 43 | N8: =M8*D8 -> 3439.57 | O8: =M8/K8 -> 0.011096774 | P8: 0 | Q8: 5962 | R8: =Q8*D8 -> 476900.38 | T8: =S8*D8 -> 0 | U8: =S8/Q8 -> 0 | V8: 0 | W8: =AC8/26*24 -> 7153.8462 | X8: =W8*D8 -> 572236.15 | Z8: =Y8*D8 -> 0 | AA8: =Y8/W8 -> 0 | AB8: =Y8-S8 -> 0 | AC8: =E8*15.5 -> 7750 | AD8: =AC8*D8 -> 619922.5 | AE8: 154 | AF8: =AE8*D8 -> 12318.46 | AG8: =AE8/AC8 -> 0.019870968
A9: 2 | B9: Curaxone 500mg IV | C9: 1 Vial | D9: 89.37 | E9: 500 | F9: 1788 | G9: =F9*D9 -> 159793.56 | I9: =H9*D9 -> 0 | J9: =H9/F9 -> 0 | K9: 3875 | L9: =K9*D9 -> 346308.75 | M9: 0 | N9: =M9*D9 -> 0 | O9: =M9/K9 -> 0 | P9: =M9-H9 -> 0 | Q9: 5962 | R9: =Q9*D9 -> 532823.94 | T9: =S9*D9 -> 0 | U9: =S9/Q9 -> 0 | V9: 0 | W9: =AC9/26*24 -> 7153.8462 | X9: =W9*D9 -> 639339.23 | Z9: =Y9*D9 -> 0 | AA9: =Y9/W9 -> 0 | AB9: =Y9-S9 -> 0 | AC9: =E9*15.5 -> 7750 | AD9: =AC9*D9 -> 692617.5 | AE9: 97 | AF9: =AE9*D9 -> 8668.89 | AG9: =AE9/AC9 -> 0.012516129
A10: 3 | B10: Curaxone IG IV | C10: 1 Vial | D10: 112.5 | E10: 800 | F10: 2862 | G10: =F10*D10 -> 321975 | I10: =H10*D10 -> 0 | J10: =H10/F10 -> 0 | K10: 6200 | L10: =K10*D10 -> 697500 | M10: 7854 | N10: =M10*D10 -> 883575 | O10: =M10/K10 -> 1.2667742 | P10: =M10-H10 -> 7854 | Q10: 9538 | R10: =Q10*D10 -> 1073025 | T10: =S10*D10 -> 0 | U10: =S10/Q10 -> 0 | V10: 0 | W10: =AC10/26*24 -> 11446.154 | X10: =W10*D10 -> 1287692.3 | Z10: =Y10*D10 -> 0 | AA10: =Y10/W10 -> 0 | AB10: =Y10-S10 -> 0 | AC10: =E10*15.5 -> 12400 | AD10: =AC10*D10 -> 1395000 | AE10: 11506 | AF10: =AE10*D10 -> 1294425 | AG10: =AE10/AC10 -> 0.92790323
A11: 4 | B11: Mecoline 500mcg 20's | C11: 20's | D11: 55.23 | E11: 200 | F11: 715 | G11: =F11*D11 -> 39489.45 | I11: =H11*D11 -> 0 | J11: =H11/F11 -> 0 | K11: 1550 | L11: =K11*D11 -> 85606.5 | M11: 10 | N11: =M11*D11 -> 552.3 | O11: =M11/K11 -> 0.0064516129 | P11: =M11-H11 -> 10 | Q11: 2385 | R11: =Q11*D11 -> 131723.55 | T11: =S11*D11 -> 0 | U11: =S11/Q11 -> 0 | V11: 0 | W11: =AC11/26*24 -> 2861.5385 | X11: =W11*D11 -> 158042.77 | Z11: =Y11*D11 -> 0 | AA11: =Y11/W11 -> 0 | AB11: =Y11-S11 -> 0 | AC11: =E11*15.5 -> 3100 | AD11: =AC11*D11 -> 171213 | AE11: 20 | AF11: =AE11*D11 -> 1104.6 | AG11: =AE11/AC11 -> 0.0064516129
A12: 5 | B12: Mecoline 500mcg 100's | C12: 100's | D12: 192.63 | E12: 192 | F12: 687 | G12: =F12*D12 -> 132336.81 | I12: =H12*D12 -> 0 | J12: =H12/F12 -> 0 | K12: 1488 | L12: =K12*D12 -> 286633.44 | M12: 36 | N12: =M12*D12 -> 6934.68 | O12: =M12/K12 -> 0.024193548 | P12: =M12-H12 -> 36 | Q12: 2289 | R12: =Q12*D12 -> 440930.07 | T12: =S12*D12 -> 0 | U12: =S12/Q12 -> 0 | V12: 0 | W12: =AC12/26*24 -> 2747.0769 | X12: =W12*D12 -> 529169.43 | Z12: =Y12*D12 -> 0 | AA12: =Y12/W12 -> 0 | AB12: =Y12-S12 -> 0 | AC12: =E12*15.5 -> 2976 | AD12: =AC12*D12 -> 573266.88 | AE12: 53 | AF12: =AE12*D12 -> 10209.39 | AG12: =AE12/AC12 -> 0.01780914
A13: 6 | B13: LACTAXIN 250MG | C13: 100's | D13: 195 | E13: 30 | F13: 107 | G13: =F13*D13 -> 20865 | I13: =H13*D13 -> 0 | J13: =H13/F13 -> 0 | K13: 233 | L13: =K13*D13 -> 45435 | M13: 11 | N13: =M13*D13 -> 2145 | O13: =M13/K13 -> 0.0472103 | P13: =M13-H13 -> 11 | Q13: 358 | R13: =Q13*D13 -> 69810 | T13: =S13*D13 -> 0 | U13: =S13/Q13 -> 0 | V13: 0 | W13: =AC13/26*24 -> 429.23077 | X13: =W13*D13 -> 83700 | Z13: =Y13*D13 -> 0 | AA13: =Y13/W13 -> 0 | AB13: =Y13-S13 -> 0 | AC13: =E13*15.5 -> 465 | AD13: =AC13*D13 -> 90675 | AE13: 33 | AF13: =AE13*D13 -> 6435 | AG13: =AE13/AC13 -> 0.070967742
A14: 7 | B14: SUDROPROXIM FORTE TAB | C14: 100's | D14: 648.52 | E14: 30 | F14: 107 | G14: =F14*D14 -> 69391.64 | I14: =H14*D14 -> 0 | J14: =H14/F14 -> 0 | K14: 233 | L14: =K14*D14 -> 151105.16 | M14: 4 | N14: =M14*D14 -> 2594.08 | O14: =M14/K14 -> 0.017167382 | P14: =M14-H14 -> 4 | Q14: 358 | R14: =Q14*D14 -> 232170.16 | T14: =S14*D14 -> 0 | U14: =S14/Q14 -> 0 | V14: 0 | W14: =AC14/26*24 -> 429.23077 | X14: =W14*D14 -> 278364.74 | Z14: =Y14*D14 -> 0 | AA14: =Y14/W14 -> 0 | AB14: =Y14-S14 -> 0 | AC14: =E14*15.5 -> 465 | AD14: =AC14*D14 -> 301561.8 | AE14: 6 | AF14: =AE14*D14 -> 3891.12 | AG14: =AE14/AC14 -> 0.012903226
A15: 8 | B15: TECHFEN P Tab 50mg | C15: 20's | D15: 51 | E15: 300 | F15: 1073 | G15: =F15*D15 -> 54723 | I15: =H15*D15 -> 0 | J15: =H15/F15 -> 0 | K15: 2325 | L15: =K15*D15 -> 118575 | M15: 282 | N15: =M15*D15 -> 14382 | O15: =M15/K15 -> 0.12129032 | P15: =M15-H15 -> 282 | Q15: 3577 | R15: =Q15*D15 -> 182427 | T15: =S15*D15 -> 0 | U15: =S15/Q15 -> 0 | V15: 0 | W15: =AC15/26*24 -> 4292.3077 | X15: =W15*D15 -> 218907.69 | Z15: =Y15*D15 -> 0 | AA15: =Y15/W15 -> 0 | AB15: =Y15-S15 -> 0 | AC15: =E15*15.5 -> 4650 | AD15: =AC15*D15 -> 237150 | AE15: 518 | AF15: =AE15*D15 -> 26418 | AG15: =AE15/AC15 -> 0.11139785
A16: 9 | B16: Zicure 250mg Cap 10's | C16: 10's | D16: 189.25 | E16: 560 | F16: 2003 | G16: =F16*D16 -> 379067.75 | I16: =H16*D16 -> 0 | J16: =H16/F16 -> 0 | K16: 4340 | L16: =K16*D16 -> 821345 | M16: 255 | N16: =M16*D16 -> 48258.75 | O16: =M16/K16 -> 0.05875576 | P16: =M16-H16 -> 255 | Q16: 6677 | R16: =Q16*D16 -> 1263622.2 | T16: =S16*D16 -> 0 | U16: =S16/Q16 -> 0 | V16: 0 | W16: =AC16/26*24 -> 8012.3077 | X16: =W16*D16 -> 1516329.2 | Z16: =Y16*D16 -> 0 | AA16: =Y16/W16 -> 0 | AB16: =Y16-S16 -> 0 | AC16: =E16*15.5 -> 8680 | AD16: =AC16*D16 -> 1642690 | AE16: 2 | AF16: =AE16*D16 -> 378.5 | AG16: =AE16/AC16 -> 0.00023041475
A17: 10 | B17: Zicure 250mg Cap 6's | C17: 6's | D17: 128.86 | E17: 550 | F17: 1967 | G17: =F17*D17 -> 253467.62 | I17: =H17*D17 -> 0 | J17: =H17/F17 -> 0 | K17: 4263 | L17: =K17*D17 -> 549330.18 | M17: 0 | N17: =M17*D17 -> 0 | O17: =M17/K17 -> 0 | P17: =M17-H17 -> 0 | Q17: 6558 | R17: =Q17*D17 -> 845063.88 | T17: =S17*D17 -> 0 | U17: =S17/Q17 -> 0 | V17: =S17-M17 -> 0 | W17: =AC17/26*24 -> 7869.2308 | X17: =W17*D17 -> 1014029.1 | Z17: =Y17*D17 -> 0 | AA17: =Y17/W17 -> 0 | AB17: =Y17-S17 -> 0 | AC17: =E17*15.5 -> 8525 | AD17: =AC17*D17 -> 1098531.5 | AE17: 488 | AF17: =AE17*D17 -> 62883.68 | AG17: =AE17/AC17 -> 0.057243402
A18: 11 | B18: Curatral 100mg Cap | C18: 4's | D18: 94.9 | E18: 650 | F18: 2325 | G18: =F18*D18 -> 220642.5 | I18: =H18*D18 -> 0 | J18: =H18/F18 -> 0 | K18: 5038 | L18: =K18*D18 -> 478106.2 | M18: 324 | N18: =M18*D18 -> 30747.6 | O18: =M18/K18 -> 0.064311235 | P18: =M18-H18 -> 324 | Q18: 7750 | R18: =Q18*D18 -> 735475 | T18: =S18*D18 -> 0 | U18: =S18/Q18 -> 0 | V18: 0 | W18: =AC18/26*24 -> 9300 | X18: =W18*D18 -> 882570 | Z18: =Y18*D18 -> 0 | AA18: =Y18/W18 -> 0 | AB18: =Y18-S18 -> 0 | AC18: =E18*15.5 -> 10075 | AD18: =AC18*D18 -> 956117.5 | AE18: 630 | AF18: =AE18*D18 -> 59787 | AG18: =AE18/AC18 -> 0.062531017
A19: 12 | B19: TECHFEN SR Tab 100mg | C19: 30's | D19: 85.33 | E19: 550 | F19: 1967 | G19: =F19*D19 -> 167844.11 | I19: =H19*D19 -> 0 | J19: =H19/F19 -> 0 | K19: 4263 | L19: =K19*D19 -> 363761.79 | M19: 540 | N19: =M19*D19 -> 46078.2 | O19: =M19/K19 -> 0.12667136 | P19: =M19-H19 -> 540 | Q19: 6558 | R19: =Q19*D19 -> 559594.14 | T19: =S19*D19 -> 0 | U19: =S19/Q19 -> 0 | V19: 0 | W19: =AC19/26*24 -> 7869.2308 | X19: =W19*D19 -> 671481.46 | Z19: =Y19*D19 -> 0 | AA19: =Y19/W19 -> 0 | AB19: =Y19-S19 -> 0 | AC19: =E19*15.5 -> 8525 | AD19: =AC19*D19 -> 727438.25 | AE19: 1563 | AF19: =AE19*D19 -> 133370.79 | AG19: =AE19/AC19 -> 0.18334311
A20: 13 | B20: Curalov 6.25mg Tab | C20: 30's | D20: 64.65 | E20: 200 | F20: 715 | G20: =F20*D20 -> 46224.75 | I20: =H20*D20 -> 0 | J20: =H20/F20 -> 0 | K20: 1550 | L20: =K20*D20 -> 100207.5 | M20: 0 | N20: =M20*D20 -> 0 | O20: =M20/K20 -> 0 | P20: =M20-H20 -> 0 | Q20: 2385 | R20: =Q20*D20 -> 154190.25 | T20: =S20*D20 -> 0 | U20: =S20/Q20 -> 0 | V20: =S20-M20 -> 0 | W20: =AC20/26*24 -> 2861.5385 | X20: =W20*D20 -> 184998.46 | Z20: =Y20*D20 -> 0 | AA20: =Y20/W20 -> 0 | AB20: =Y20-S20 -> 0 | AC20: =E20*15.5 -> 3100 | AD20: =AC20*D20 -> 200415 | AE20: 0 | AF20: =AE20*D20 -> 0 | AG20: =AE20/AC20 -> 0
A21: 14 | B21: LACTAXIN 500MG | C21: 10's | D21: 99.39 | E21: 150 | F21: 537 | G21: =F21*D21 -> 53372.43 | I21: =H21*D21 -> 0 | J21: =H21/F21 -> 0 | K21: 1163 | L21: =K21*D21 -> 115590.57 | M21: 11 | N21: =M21*D21 -> 1093.29 | O21: =M21/K21 -> 0.0094582975 | P21: =M21-H21 -> 11 | Q21: 1788 | R21: =Q21*D21 -> 177709.32 | T21: =S21*D21 -> 0 | U21: =S21/Q21 -> 0 | V21: 0 | W21: =AC21/26*24 -> 2146.1538 | X21: =W21*D21 -> 213306.23 | Z21: =Y21*D21 -> 0 | AA21: =Y21/W21 -> 0 | AB21: =Y21-S21 -> 0 | AC21: =E21*15.5 -> 2325 | AD21: =AC21*D21 -> 231081.75 | AE21: 22 | AF21: =AE21*D21 -> 2186.58 | AG21: =AE21/AC21 -> 0.0094623656
A22: 15 | B22: Pirotech 20mg Tab | C22: 20's | D22: 89.64 | E22: 300 | F22: 1075 | G22: =F22*D22 -> 96363 | I22: =H22*D22 -> 0 | J22: =H22/F22 -> 0 | K22: 2325 | L22: =K22*D22 -> 208413 | M22: 208 | N22: =M22*D22 -> 18645.12 | O22: =M22/K22 -> 0.089462366 | P22: =M22-H22 -> 208 | Q22: 3577 | R22: =Q22*D22 -> 320642.28 | T22: =S22*D22 -> 0 | U22: =S22/Q22 -> 0 | V22: 0 | W22: =AC22/26*24 -> 4292.3077 | X22: =W22*D22 -> 384762.46 | Z22: =Y22*D22 -> 0 | AA22: =Y22/W22 -> 0 | AB22: =Y22-S22 -> 0 | AC22: =E22*15.5 -> 4650 | AD22: =AC22*D22 -> 416826 | AE22: 446 | AF22: =AE22*D22 -> 39979.44 | AG22: =AE22/AC22 -> 0.095913978
A23: TOTAL RESCUE GROUP UNITS | E23: =SUM(E8:E22) -> 5512 | F23: =SUM(F8:F22) -> 19716 | G23: =SUM(G8:G22) -> 2158578.7 | H23: =SUM(H8:H22) -> 0 | I23: =SUM(I8:I22) -> 0 | J23: =H23/F23 -> 0 | K23: =SUM(K8:K22) -> 42721 | L23: =SUM(L8:L22) -> 4677879.3 | M23: =SUM(M8:M22) -> 9578 | N23: =SUM(N8:N22) -> 1058445.6 | O23: =M23/K23 -> 0.22419887 | P23: =M23-H23 -> 9578 | Q23: =SUM(Q8:Q22) -> 65722 | R23: =SUM(R8:R22) -> 7196107.2 | S23: =SUM(S8:S22) -> 0 | T23: =SUM(T8:T22) -> 0 | U23: =S23/Q23 -> 0 | V23: 0 | W23: =SUM(W8:W22) -> 78864 | X23: =SUM(X8:X22) -> 8634929.2 | Y23: =SUM(Y8:Y22) -> 0 | Z23: =SUM(Z8:Z22) -> 0 | AA23: =Y23/W23 -> 0 | AB23: =Y23-S23 -> 0 | AC23: =SUM(AC8:AC22) -> 85436 | AD23: =SUM(AD8:AD22) -> 9354506.7 | AE23: 15538 | AF23: =SUM(AF8:AF22) -> 1662056.4 | AG23: =AE23/AC23 -> 0.18186713
A24: TOTAL RESCUE GROUP VALUE | F24: =G23 -> 2158578.7 | H24: 0 | J24: =H24/F24 -> 0 | K24: =L23 -> 4677879.3 | M24: =N23 -> 1058445.6 | O24: =M24/K24 -> 0.22626612 | P24: =M24-H24 -> 1058445.6 | Q24: =R23 -> 7196107.2 | S24: =T23 -> 0 | U24: =S24/Q24 -> 0 | V24: 0 | W24: =X23 -> 8634929.2 | Y24: =Z23 -> 0 | AA24: =Y24/W24 -> 0 | AB24: =Y24-S24 -> 0 | AC24: 9283206.7 | AE24: =AF23 -> 1662056.4 | AG24: =AE24/AC24 -> 0.17903904

Sheet WEEKLY FINDINGD
A1: CURATECH PHARMA (PVT) LTD (RESCUE GROUP)
A2: A-WEEKLY SALE ANALYSIS MONTH OF JUNE-25
C3: NAME | D3: Mr. MUHAMMAD FAHAD
B4: Sr. No | C4: PRODUCT | D4: Pack Size | E4: Price | F4: 1 TO 7 | J4: 8 TO 14 | O4: 15 TO 21 | T4: 22 TO 28 | X4: Total Closing
F5: TGT 1st Week | G5: ACH 1st Week | H5: % | I5: Findings/Reasons/Commitments | J5: TGT 2nd Week | K5: ACH 2nd Week | L5: Only 2nd Week Ach | M5: % | N5: Feed Back | O5: TGT 3rd Week | P5: ACH 3rd Week | Q5: Only 3rd Week Ach | R5: % | S5: Feed Back | T5: TGT 4rth Week | U5: ACH 4rth Week | V5: Only 4rth Week Ach | W5: % | X5: PRODUCTS WISE CLOSING FINDINGS/REMARKS CURAXONE 250/550/1GM
B6: 1 | C6: Curaxone 250mg IM | D6: 1 Vial | E6: 70.79 | F6: 1788 | G6: 0 | H6: =G6/F6 -> 0 | J6: 3875 | K6: 8 | L6: =K6-G6 -> 8 | M6: =K6/J6 -> 0.0020645161 | N6: GIVEN TASK TO TEAM DR.MAQSOOD AND DR.RIZWAN ,MUKHTAR M/S,MARWAT HOSPITAL | O6: 5962 | P6: 0 | R6: =P6/O6 -> 0 | T6: =F6/6*20 -> 5960 | V6: =U6-P6 -> 0 | W6: =U6/T6 -> 0
B7: 2 | C7: Curaxone 500mg IV | D7: 1 Vial | E7: 89.37 | F7: 1788 | G7: 0 | H7: =G7/F7 -> 0 | J7: 3875 | K7: 115 | L7: =K7-G7 -> 115 | M7: =K7/J7 -> 0.029677419 | N7: DISCUSS TO AMEERZADA L FOR 250MG AND 500MG 252 PACKS | O7: 5962 | P7: 0 | R7: =P7/O7 -> 0 | T7: =F7/6*20 -> 5960 | V7: =U7-P7 -> 0 | W7: =U7/T7 -> 0
B8: 3 | C8: Curaxone IG IV | D8: 1 Vial | E8: 112.5 | F8: 2862 | G8: 0 | H8: =G8/F8 -> 0 | J8: 6200 | K8: 3686 | L8: =K8-G8 -> 3686 | M8: =K8/J8 -> 0.59451613 | N8: DISCUSSION IS ONGOING WITH TWO NEW CUSTOMERS FOR BULK PURCHASING OF 1 GM. | O8: 9538 | P8: 0 | R8: =P8/O8 -> 0 | T8: =F8/6*20 -> 9540 | V8: =U8-P8 -> 0 | W8: =U8/T8 -> 0
F9: =SUMPRODUCT(E6:E8,F6:F8) -> 608341.08 | G9: =SUMPRODUCT(E6:E8,G6:G8) -> 0 | H9: =G9/F9 -> 0 | J9: =SUMPRODUCT(E6:E8,J6:J8) -> 1318120 | K9: =SUMPRODUCT(E6:E8,K6:K8) -> 425518.87 | L9: =K9-G9 -> 425518.87 | M9: =K9/J9 -> 0.32282256 | O9: =SUMPRODUCT(E6:E8,O6:O8) -> 2027898.9 | P9: =SUMPRODUCT(E6:E8,P6:P8) -> 0 | R9: =P9/O9 -> 0 | T9: =SUMPRODUCT(E6:E8,T6:T8) -> 2027803.6 | U9: =SUMPRODUCT(E6:E8,U6:U8) -> 0 | V9: =U9-P9 -> 0 | W9: =U9/T9 -> 0 | X9: Mecoline 500mcg 20's/100's
B10: 4 | C10: Mecoline 500mcg 20's | D10: 20's | E10: 55.23 | F10: 715 | G10: 0 | H10: =G10/F10 -> 0 | J10: 1550 | K10: 0 | L10: =K10-G10 -> 0 | M10: =K10/J10 -> 0 | N10: VISIT AL SEHAT FOR MAKING MECOLINE 20,S 10 PACK ALSO FIND NEW CUSTOMERS. | O10: 2385 | P10: 0 | R10: =P10/O10 -> 0 | T10: =F10/6*20 -> 2383.3333 | V10: =U10-P10 -> 0 | W10: =U10/T10 -> 0
B11: 5 | C11: Mecoline 500mcg 100's | D11: 100's | E11: 192.63 | F11: 687 | G11: 0 | H11: =G11/F11 -> 0 | J11: 1488 | K11: 25 | L11: =K11-G11 -> 25 | M11: =K11/J11 -> 0.016801075 | N11: VISIT CHOUHAN M/S,STARE M/S MASHALLAH M/S ALMUSTAFA HOSP,OMER M/S FOR INCREASE UNITS | O11: 2289 | P11: 0 | R11: =P11/O11 -> 0 | T11: =F11/6*20 -> 2290 | V11: =U11-P11 -> 0 | W11: =U11/T11 -> 0
F12: =SUMPRODUCT(E10:E11,F10:F11) -> 171826.26 | G12: =SUMPRODUCT(E10:E11,G10:G11) -> 0 | H12: =G12/F12 -> 0 | J12: =SUMPRODUCT(E10:E11,J10:J11) -> 372239.94 | K12: =SUMPRODUCT(E9:E11,K9:K11) -> 4815.75 | L12: =K12-G12 -> 4815.75 | M12: =K12/J12 -> 0.01293722 | O12: =SUMPRODUCT(E9:E11,O9:O11) -> 572653.62 | P12: =SUMPRODUCT(E9:E11,P9:P11) -> 0 | R12: =P12/O12 -> 0 | T12: =SUMPRODUCT(E9:E11,T9:T11) -> 572754.2 | U12: =SUMPRODUCT(E9:E11,U9:U11) -> 0 | V12: =U12-P12 -> 0 | W12: =U12/T12 -> 0 | X12: SUDROPROXIM FORTE
B13: 6 | C13: SUDROPROXIM TAB | D13: 100's | E13: 234.39 | F13: 107 | G13: 0 | H13: 0 | J13: 233 | K13: 11 | L13: =K13-G13 -> 11 | M13: =K13/J13 -> 0.0472103 | O13: 358 | P13: 0 | R13: =P13/O13 -> 0 | T13: =F13/6*20 -> 356.66667 | V13: =U13-P13 -> 0 | W13: =U13/T13 -> 0
B14: 7 | C14: SUDROPROXIM FORTE | D14: 100's | E14: 700.4 | F14: 107 | G14: 0 | H14: =G14/F14 -> 0 | J14: 233 | K14: 12 | L14: =K14-G14 -> 12 | M14: =K14/J14 -> 0.051502146 | N14: VISIT MUSTAFA M/S MASHALLAH M/S,FARWA CLINIC,SAAD M/S MADINA M/S,MUGHAL M/S FOR INCREAS UNITS. | O14: 358 | P14: 0 | R14: =P14/O14 -> 0 | T14: =F14/6*20 -> 356.66667 | V14: =U14-P14 -> 0 | W14: =U14/T14 -> 0
F15: =SUMPRODUCT(E13:E14,F13:F14) -> 100022.53 | G15: =SUMPRODUCT(E13:E14,G13:G14) -> 0 | H15: 0 | J15: =SUMPRODUCT(E13:E14,J13:J14) -> 217806.07 | K15: =SUMPRODUCT(E12:E14,K12:K14) -> 10983.09 | L15: =K15-G15 -> 10983.09 | M15: =K15/J15 -> 0.050426005 | O15: =SUMPRODUCT(E12:E14,O12:O14) -> 334654.82 | P15: =SUMPRODUCT(E12:E14,P12:P14) -> 0 | R15: =P15/O15 -> 0 | T15: =SUMPRODUCT(E12:E14,T12:T14) -> 333408.43 | U15: =SUMPRODUCT(E12:E14,U12:U14) -> 0 | V15: =U15-P15 -> 0 | W15: =U15/T15 -> 0 | X15: TECHFEN P Tab 50mg
B16: 8 | C16: TECHFEN P Tab 50mg | D16: 20's | E16: 51 | F16: 1073 | G16: 0 | H16: =G16/F16 -> 0 | J16: 2325 | K16: 323 | L16: =K16-G16 -> 323 | M16: =K16/J16 -> 0.13892473 | N16: INCEASAE UNITS TILL NEXT WEEK DUE TO DISCUSS DK AND NESTRO PHARMA. | O16: 3577 | P16: 0 | R16: =P16/O16 -> 0 | T16: =F16/6*20 -> 3576.6667 | V16: =U16-P16 -> 0 | W16: =U16/T16 -> 0
F17: =E16*F16 -> 54723 | G17: =E16*G16 -> 0 | H17: =G17/F17 -> 0 | J17: =E16*J16 -> 118575 | K17: =K16*E16 -> 16473 | L17: =K17-G17 -> 16473 | M17: =K17/J17 -> 0.13892473 | O17: =SUMPRODUCT(E14:E16,O14:O16) -> 433170.2 | P17: =SUMPRODUCT(E14:E16,P14:P16) -> 0 | R17: =P17/O17 -> 0 | T17: =SUMPRODUCT(E14:E16,T14:T16) -> 432219.33 | U17: =SUMPRODUCT(E14:E16,U14:U16) -> 0 | V17: =U17-P17 -> 0 | W17: =U17/T17 -> 0 | X17: Zicure 250mg Cap 10's / 6's
B18: 9 | C18: Zicure 250mg Cap 10's | D18: 20's | E18: 189.25 | F18: 2003 | G18: 0 | H18: =G18/F18 -> 0 | J18: 4340 | K18: 184 | L18: =K18-G18 -> 184 | M18: =K18/J18 -> 0.042396313 | N18: NO RESPONSE FORM W/SELLERS FIND NEW CUSTOMER FOR BULK PURCHASING. | O18: 6677 | P18: 0 | R18: =P18/O18 -> 0 | T18: =F18/6*20 -> 6676.6667 | V18: =U18-P18 -> 0 | W18: =U18/T18 -> 0
B19: 10 | C19: Zicure 250mg Cap 6's | D19: 100's | E19: 128.86 | F19: 1967 | G19: 0 | H19: =G19/F19 -> 0 | J19: 4263 | K19: 8 | L19: =K19-G19 -> 8 | M19: =K19/J19 -> 0.0018766127 | N19: NO RESPONSE FORM RETAILERS FIND NEW CUSTOMER FOR BULK PURCHASING. | O19: 6558 | P19: 0 | R19: =P19/O19 -> 0 | T19: =F19/6*20 -> 6556.6667 | V19: =U19-P19 -> 0 | W19: =U19/T19 -> 0
F20: =SUMPRODUCT(E18:E19,F18:F19) -> 632535.37 | G20: =SUMPRODUCT(E18:E19,G18:G19) -> 0 | H20: =G20/F20 -> 0 | J20: =SUMPRODUCT(E18:E19,J18:J19) -> 1370675.2 | K20: =K19*E19+K18*E18 -> 35852.88 | L20: =K20-G20 -> 35852.88 | M20: =K20/J20 -> 0.026157094 | O20: =SUMPRODUCT(E17:E19,O17:O19) -> 2108686.1 | P20: =SUMPRODUCT(E17:E19,P17:P19) -> 0 | R20: =P20/O20 -> 0 | T20: =SUMPRODUCT(E17:E19,T17:T19) -> 2108451.2 | U20: =SUMPRODUCT(E17:E19,U17:U19) -> 0 | V20: =U20-P20 -> 0 | W20: =U20/T20 -> 0 | X20: Curatral 100mg Cap
B21: 11 | C21: Curatral 100mg Cap | D21: 1's | E21: 94.9 | F21: 2325 | G21: 0 | H21: =G21/F21 -> 0 | J21: 5038 | K21: 246 | L21: =K21-G21 -> 246 | M21: =K21/J21 -> 0.0488289 | N21: OUR SALE IS VERY SLOW DUE TO ITRASRCH VAILABLE NET 75 . | O21: 7750 | P21: 0 | R21: =P21/O21 -> 0 | T21: =F21/6*20 -> 7750 | V21: =U21-P21 -> 0 | W21: =U21/T21 -> 0
F22: =E21*F21 -> 220642.5 | G22: 0 | H22: =G22/F22 -> 0 | J22: =E21*J21 -> 478106.2 | K22: =K21*E21 -> 23345.4 | L22: =K22-G22 -> 23345.4 | M22: =K22/J22 -> 0.0488289 | O22: =SUMPRODUCT(E19:E21,O19:O21) -> 1580538.9 | P22: =SUMPRODUCT(E19:E21,P19:P21) -> 0 | R22: =P22/O22 -> 0 | T22: =SUMPRODUCT(E19:E21,T19:T21) -> 1580367.1 | U22: =SUMPRODUCT(E19:E21,U19:U21) -> 0 | V22: =U22-P22 -> 0 | W22: =U22/T22 -> 0 | X22: TECHFEN SR 100 Tab
B23: 12 | C23: TECHFEN SR 100 Tab | D23: 20's | E23: 85.53 | F23: 1967 | G23: 0 | H23: =G23/F23 -> 0 | J23: 4263 | K23: 1023 | L23: =K23-G23 -> 1023 | M23: =K23/J23 -> 0.23997185 | N23: FIND CUSTOMERS FOR INCREASE UNITS. | O23: 6558 | P23: 0 | R23: =P23/O23 -> 0 | T23: =F23/6*20 -> 6556.6667 | V23: =U23-P23 -> 0 | W23: =U23/T23 -> 0
F24: =SUMPRODUCT(E23,F23) -> 168237.51 | G24: 0 | H24: =G24/F24 -> 0 | J24: =SUMPRODUCT(E23,J23) -> 364614.39 | K24: =K23*E23 -> 87497.19 | L24: =K24-G24 -> 87497.19 | M24: =K24/J24 -> 0.23997185 | O24: =SUMPRODUCT(E21:E23,O21:O23) -> 1296380.7 | P24: =SUMPRODUCT(E21:E23,P21:P23) -> 0 | R24: =P24/O24 -> 0 | T24: =SUMPRODUCT(E21:E23,T21:T23) -> 1296266.7 | U24: =SUMPRODUCT(E21:E23,U21:U23) -> 0 | V24: =U24-P24 -> 0 | W24: =U24/T24 -> 0 | X24: Curalov 6.25mg Tab / 25mg
B25: 13 | C25: Curalov 6.25mg Tab | D25: 30's | E25: 64.65 | F25: 715 | G25: 0 | H25: =G25/F25 -> 0 | J25: 1550 | K25: 0 | L25: =K25-G25 -> 0 | M25: =K25/J25 -> 0 | N25: SALE IS STOP DUE TO DEMOLISH SHOPS FRONT OF JPMC.TRY TO INTENR IN NICVD FOR BULK PURCHASEING. | O25: 2385 | P25: 0 | R25: =P25/O25 -> 0 | T25: =F25/6*20 -> 2383.3333 | V25: =U25-P25 -> 0 | W25: =U25/T25 -> 0
B26: 14 | C26: Curalov 25mg Tab | D26: 10's | E26: 99.39 | F26: 537 | G26: 0 | H26: =G26/F26 -> 0 | J26: 1163 | K26: 11 | L26: =K26-G26 -> 11 | M26: =K26/J26 -> 0.0094582975 | O26: 1788 | P26: 0 | R26: =P26/O26 -> 0 | T26: =F26/6*20 -> 1790 | V26: =U26-P26 -> 0 | W26: =U26/T26 -> 0
F27: =SUMPRODUCT(E25:E26,F25:F26) -> 99597.18 | G27: =SUMPRODUCT(E25:E26,G25:G26) -> 0 | H27: =G27/F27 -> 0 | J27: =SUMPRODUCT(E25:E26,J25:J26) -> 215798.07 | K27: =SUMPRODUCT(E24:E26,K24:K26) -> 1093.29 | L27: =K27-G27 -> 1093.29 | M27: =K27/J27 -> 0.005066264 | O27: =SUMPRODUCT(E24:E26,O24:O26) -> 331899.57 | P27: =SUMPRODUCT(E24:E26,P24:P26) -> 0 | R27: =P27/O27 -> 0 | T27: =SUMPRODUCT(E24:E26,T24:T26) -> 331990.6 | U27: =SUMPRODUCT(E24:E26,U24:U26) -> 0 | V27: =U27-P27 -> 0 | W27: =U27/T27 -> 0 | X27: Pirotech 20mg Tab
B28: 15 | C28: Pirotech 20mg Tab | D28: 20's | E28: 89.64 | F28: 1073 | G28: 0 | H28: =G28/F28 -> 0 | J28: 2325 | K28: 357 | L28: =K28-G28 -> 357 | M28: =K28/J28 -> 0.15354839 | N28: INCREASE SALE TILL NEXT WEEK. | O28: 3577 | P28: 0 | R28: =P28/O28 -> 0 | T28: =F28/6*20 -> 3576.6667 | V28: =U28-P28 -> 0 | W28: =U28/T28 -> 0
F29: =E28*F28 -> 96183.72 | G29: =E28*G28 -> 0 | H29: =G29/F29 -> 0 | J29: =E28*J28 -> 208413 | K29: =SUMPRODUCT(E26:E28,K26:K28) -> 33094.77 | L29: =K29-G29 -> 33094.77 | M29: =K29/J29 -> 0.15879417 | O29: =SUMPRODUCT(E26:E28,O26:O28) -> 498351.6 | P29: =SUMPRODUCT(E26:E28,P26:P28) -> 0 | R29: =P29/O29 -> 0 | T29: =SUMPRODUCT(E26:E28,T26:T28) -> 498520.5 | U29: =SUMPRODUCT(E26:E28,U26:U28) -> 0 | V29: =U29-P29 -> 0 | W29: =U29/T29 -> 0
A31: TOTAL UNITS RESCUE GROUP | F31: =SUM(F28,F26,F25,F23,F21,F19,F18,F16,F14,F13,F11,F10,F8,F7,F6) -> 19714 | G31: 0 | H31: =G31/F31 -> 0 | J31: =J28+J26+J25+J23+J21+J19+J18+J16+J14+J13+J11+J10+J8+J7+J6 -> 42721 | K31: =SUM(K28,K26,K25,K23,K21,K19,K18,K16,K14,K13,K11,K10,K8,K7,K6) -> 6009 | L31: =L28+L26+L25+L23+L21+L19+L18+L16+L14+L13+L11+L10+L8+L7+L6 -> 6009 | M31: =K31/J31 -> 0.14065682 | O31: =SUM(O28,O26,O25,O23,O21,O19,O18,O16,O14,O13,O11,O10,O8,O7,O6) -> 65722 | P31: =SUM(P28,P26,P25,P23,P21,P19,P18,P16,P14,P13,P11,P10,P8,P7,P6) -> 0 | R31: =P31/O31 -> 0 | T31: =T28+T26+T25+T23+T21+T19+T18+T16+T14+T13+T11+T10+T8+T7+T6 -> 65713.333 | U31: =U28+U26+U25+U23+U21+U19+U18+U16+U14+U13+U11+U10+U8+U7+U6 -> 0 | V31: =U31-P31 -> 0 | W31: =U31/T31 -> 0
A32: TOTAL VALUE RESCUE GROUP | F32: =SUM(F29,F27,F24,F22,F20,F17,F15,F12,F9) -> 2152109.1 | G32: 0 | H32: =G32/F32 -> 0 | J32: 4677879 | K32: =K29+K27+K24+K22+K20+K17+K15+K12+K9 -> 638674.24 | L32: =SUM(L29,L27,L24,L22,L20,L17,L15,L12,L9) -> 638674.24 | M32: =K32/J32 -> 0.13653073 | O32: =SUM(O29,O27,O24,O22,O20,O17,O15,O12,O9) -> 9184234.5 | P32: =P29+P27+P24+P22+P20+P17+P15+P12+P9 -> 0 | R32: =P32/O32 -> 0 | T32: =T29+T27+T24+T22+T20+T17+T15+T12+T9 -> 9181781.7 | U32: =U29+U27+U24+U22+U20+U17+U15+U12+U9 -> 0 | V32: =U32-P32 -> 0 | W32: =U32/T32 -> 0
